,index,NOM,SEXE,GRUP_EDAT,INGRESSOS_TOTAL,INGRESSOS_CRITIC,Tasa (ingresos/población),Tasa (ingresos críticos/población)
0,0,ALT CAMP,Mujer,0 a 9,2,0,4.426443573910542e-05,0.0
1,1,ALT CAMP,Mujer,10 a 19,6,0,0.00013279330721731626,0.0
2,2,ALT CAMP,Mujer,20 a 29,17,0,0.00037624770378239604,0.0
3,3,ALT CAMP,Mujer,30 a 39,23,0,0.0005090410109997123,0.0
4,4,ALT CAMP,Mujer,40 a 49,14,2,0.0003098510501737379,4.426443573910542e-05
5,5,ALT CAMP,Mujer,50 a 59,20,2,0.00044264435739105416,4.426443573910542e-05
6,6,ALT CAMP,Mujer,60 a 69,34,9,0.0007524954075647921,0.00019918996082597437
7,7,ALT CAMP,Mujer,70 a 79,45,11,0.000995949804129872,0.00024345439656507978
8,8,ALT CAMP,Mujer,80 o más,37,1,0.0008188920611734502,2.213221786955271e-05
9,9,ALT CAMP,Hombre,0 a 9,6,0,0.00013279330721731626,0.0
10,10,ALT CAMP,Hombre,10 a 19,2,0,4.426443573910542e-05,0.0
11,11,ALT CAMP,Hombre,20 a 29,5,0,0.00011066108934776354,0.0
12,12,ALT CAMP,Hombre,30 a 39,9,2,0.00019918996082597437,4.426443573910542e-05
13,13,ALT CAMP,Hombre,40 a 49,28,6,0.0006197021003474758,0.00013279330721731626
14,14,ALT CAMP,Hombre,50 a 59,36,7,0.0007967598433038975,0.00015492552508686896
15,15,ALT CAMP,Hombre,60 a 69,70,11,0.0015492552508686896,0.00024345439656507978
16,16,ALT CAMP,Hombre,70 a 79,79,20,0.001748445211694664,0.00044264435739105416
17,17,ALT CAMP,Hombre,80 o más,58,2,0.0012836686364340571,4.426443573910542e-05
18,18,ALT CAMP,Residencia,Residencia,59,1,0.0013058008543036098,2.213221786955271e-05
19,19,ALT EMPORDA,Mujer,0 a 9,12,0,8.484642796538266e-05,0.0
20,20,ALT EMPORDA,Mujer,10 a 19,16,0,0.00011312857062051021,0.0
21,21,ALT EMPORDA,Mujer,20 a 29,41,8,0.00028989196221505743,5.6564285310255106e-05
22,22,ALT EMPORDA,Mujer,30 a 39,88,21,0.0006222071384128061,0.00014848124893941965
23,23,ALT EMPORDA,Mujer,40 a 49,75,20,0.0005302901747836417,0.00014141071327563776
24,24,ALT EMPORDA,Mujer,50 a 59,94,29,0.0006646303523954975,0.00020504553424967475
25,25,ALT EMPORDA,Mujer,60 a 69,152,50,0.001074721420894847,0.0003535267831890944
26,26,ALT EMPORDA,Mujer,70 a 79,162,40,0.0011454267775326658,0.0002828214265512755
27,27,ALT EMPORDA,Mujer,80 o más,173,22,0.0012232026698342667,0.00015555178460320153
28,28,ALT EMPORDA,Hombre,0 a 9,18,2,0.000127269641948074,1.4141071327563777e-05
29,29,ALT EMPORDA,Hombre,10 a 19,10,1,7.070535663781888e-05,7.070535663781888e-06
30,30,ALT EMPORDA,Hombre,20 a 29,20,5,0.00014141071327563776,3.535267831890944e-05
31,31,ALT EMPORDA,Hombre,30 a 39,42,15,0.0002969624978788393,0.00010605803495672833
32,32,ALT EMPORDA,Hombre,40 a 49,138,46,0.0009757339216019006,0.00032524464053396683
33,33,ALT EMPORDA,Hombre,50 a 59,211,92,0.0014918830250579783,0.0006504892810679337
34,34,ALT EMPORDA,Hombre,60 a 69,289,115,0.0020433848068329655,0.0008131116013349171
35,35,ALT EMPORDA,Hombre,70 a 79,232,92,0.001640364273997398,0.0006504892810679337
36,36,ALT EMPORDA,Hombre,80 o más,171,32,0.001209061598506703,0.00022625714124102042
37,37,ALT EMPORDA,Residencia,Residencia,190,8,0.0013434017761185587,5.6564285310255106e-05
38,38,ALT PENEDES,Mujer,0 a 9,33,0,0.00029670655721491444,0.0
39,39,ALT PENEDES,Mujer,10 a 19,10,0,8.991107794391346e-05,0.0
40,40,ALT PENEDES,Mujer,20 a 29,45,1,0.0004045998507476106,8.991107794391347e-06
41,41,ALT PENEDES,Mujer,30 a 39,83,4,0.0007462619469344818,3.596443117756539e-05
42,42,ALT PENEDES,Mujer,40 a 49,126,5,0.0011328795820933098,4.495553897195673e-05
43,43,ALT PENEDES,Mujer,50 a 59,108,8,0.0009710396417942654,7.192886235513078e-05
44,44,ALT PENEDES,Mujer,60 a 69,157,12,0.0014116039237194414,0.00010789329353269616
45,45,ALT PENEDES,Mujer,70 a 79,166,13,0.0014925238938689636,0.00011688440132708752
46,46,ALT PENEDES,Mujer,80 o más,168,3,0.0015105061094577463,2.697332338317404e-05
47,47,ALT PENEDES,Hombre,0 a 9,34,0,0.00030569766500930577,0.0
48,48,ALT PENEDES,Hombre,10 a 19,24,0,0.00021578658706539232,0.0
49,49,ALT PENEDES,Hombre,20 a 29,26,4,0.00023376880265417503,3.596443117756539e-05
50,50,ALT PENEDES,Hombre,30 a 39,51,0,0.0004585464975139587,0.0
51,51,ALT PENEDES,Hombre,40 a 49,142,12,0.0012767373068035713,0.00010789329353269616
52,52,ALT PENEDES,Hombre,50 a 59,188,13,0.0016903282653455733,0.00011688440132708752
53,53,ALT PENEDES,Hombre,60 a 69,282,33,0.00253549239801836,0.00029670655721491444
54,54,ALT PENEDES,Hombre,70 a 79,306,27,0.002751278985083752,0.00024275991044856636
55,55,ALT PENEDES,Hombre,80 o más,229,11,0.0020589636849156186,9.890218573830482e-05
56,56,ALT PENEDES,Residencia,Residencia,185,5,0.0016633549419623993,4.495553897195673e-05
57,57,ALT URGELL,Mujer,0 a 9,5,2,0.0002470721944952315,9.88288777980926e-05
58,58,ALT URGELL,Mujer,10 a 19,1,0,4.94144388990463e-05,0.0
59,59,ALT URGELL,Mujer,20 a 29,7,1,0.0003459010722933241,4.94144388990463e-05
60,60,ALT URGELL,Mujer,30 a 39,7,0,0.0003459010722933241,0.0
61,61,ALT URGELL,Mujer,40 a 49,17,0,0.0008400454612837871,0.0
62,62,ALT URGELL,Mujer,50 a 59,13,0,0.0006423877056876019,0.0
63,63,ALT URGELL,Mujer,60 a 69,19,0,0.0009388743390818797,0.0
64,64,ALT URGELL,Mujer,70 a 79,45,4,0.0022236497504570835,0.0001976577555961852
65,65,ALT URGELL,Mujer,80 o más,47,1,0.002322478628255176,4.94144388990463e-05
66,66,ALT URGELL,Hombre,0 a 9,0,0,0.0,0.0
67,67,ALT URGELL,Hombre,10 a 19,4,0,0.0001976577555961852,0.0
68,68,ALT URGELL,Hombre,20 a 29,0,0,0.0,0.0
69,69,ALT URGELL,Hombre,30 a 39,8,2,0.0003953155111923704,9.88288777980926e-05
70,70,ALT URGELL,Hombre,40 a 49,13,1,0.0006423877056876019,4.94144388990463e-05
71,71,ALT URGELL,Hombre,50 a 59,17,1,0.0008400454612837871,4.94144388990463e-05
72,72,ALT URGELL,Hombre,60 a 69,50,5,0.002470721944952315,0.0002470721944952315
73,73,ALT URGELL,Hombre,70 a 79,47,9,0.002322478628255176,0.0004447299500914167
74,74,ALT URGELL,Hombre,80 o más,34,0,0.0016800909225675742,0.0
75,75,ALT URGELL,Residencia,Residencia,27,0,0.00133418985027425,0.0
76,76,ALTA RIBAGORCA,Mujer,0 a 9,0,0,0.0,0.0
77,77,ALTA RIBAGORCA,Mujer,10 a 19,0,0,0.0,0.0
78,78,ALTA RIBAGORCA,Mujer,20 a 29,1,0,0.00025043826696719256,0.0
79,79,ALTA RIBAGORCA,Mujer,30 a 39,0,0,0.0,0.0
80,80,ALTA RIBAGORCA,Mujer,40 a 49,0,0,0.0,0.0
81,81,ALTA RIBAGORCA,Mujer,50 a 59,1,1,0.00025043826696719256,0.00025043826696719256
82,82,ALTA RIBAGORCA,Mujer,60 a 69,5,1,0.001252191334835963,0.00025043826696719256
83,83,ALTA RIBAGORCA,Mujer,70 a 79,2,0,0.0005008765339343851,0.0
84,84,ALTA RIBAGORCA,Mujer,80 o más,4,0,0.0010017530678687703,0.0
85,85,ALTA RIBAGORCA,Hombre,0 a 9,0,0,0.0,0.0
86,86,ALTA RIBAGORCA,Hombre,10 a 19,0,0,0.0,0.0
87,87,ALTA RIBAGORCA,Hombre,20 a 29,0,0,0.0,0.0
88,88,ALTA RIBAGORCA,Hombre,30 a 39,0,0,0.0,0.0
89,89,ALTA RIBAGORCA,Hombre,40 a 49,1,0,0.00025043826696719256,0.0
90,90,ALTA RIBAGORCA,Hombre,50 a 59,3,1,0.0007513148009015778,0.00025043826696719256
91,91,ALTA RIBAGORCA,Hombre,60 a 69,6,2,0.0015026296018031556,0.0005008765339343851
92,92,ALTA RIBAGORCA,Hombre,70 a 79,3,1,0.0007513148009015778,0.00025043826696719256
93,93,ALTA RIBAGORCA,Hombre,80 o más,1,0,0.00025043826696719256,0.0
94,94,ALTA RIBAGORCA,Residencia,Residencia,5,1,0.001252191334835963,0.00025043826696719256
95,95,ANOIA,Mujer,0 a 9,9,0,7.171943357585127e-05,0.0
96,96,ANOIA,Mujer,10 a 19,12,0,9.562591143446836e-05,0.0
97,97,ANOIA,Mujer,20 a 29,38,3,0.0003028153862091498,2.390647785861709e-05
98,98,ANOIA,Mujer,30 a 39,70,1,0.0005578178167010654,7.968825952872363e-06
99,99,ANOIA,Mujer,40 a 49,88,10,0.000701256683852768,7.968825952872364e-05
100,100,ANOIA,Mujer,50 a 59,99,14,0.0007889137693343639,0.00011156356334021309
101,101,ANOIA,Mujer,60 a 69,136,16,0.0010837603295906415,0.0001275012152459578
102,102,ANOIA,Mujer,70 a 79,160,27,0.0012750121524595782,0.0002151583007275538
103,103,ANOIA,Mujer,80 o más,181,15,0.0014423574974698978,0.00011953238929308545
104,104,ANOIA,Hombre,0 a 9,13,0,0.00010359473738734072,0.0
105,105,ANOIA,Hombre,10 a 19,12,0,9.562591143446836e-05,0.0
106,106,ANOIA,Hombre,20 a 29,23,0,0.00018328299691606435,0.0
107,107,ANOIA,Hombre,30 a 39,22,1,0.000175314170963192,7.968825952872363e-06
108,108,ANOIA,Hombre,40 a 49,73,16,0.0005817242945596826,0.0001275012152459578
109,109,ANOIA,Hombre,50 a 59,146,23,0.0011634485891193651,0.00018328299691606435
110,110,ANOIA,Hombre,60 a 69,263,52,0.0020958012256054315,0.0004143789495493629
111,111,ANOIA,Hombre,70 a 79,254,51,0.0020240817920295804,0.0004064101235964905
112,112,ANOIA,Hombre,80 o más,203,28,0.0016176716684330897,0.00022312712668042618
113,113,ANOIA,Residencia,Residencia,186,7,0.0014822016272342596,5.5781781670106545e-05
114,114,BAGES,Mujer,0 a 9,13,2,7.226397474096144e-05,1.111753457553253e-05
115,115,BAGES,Mujer,10 a 19,33,1,0.00018343932049628674,5.558767287766265e-06
116,116,BAGES,Mujer,20 a 29,133,3,0.0007393160492729133,1.6676301863298796e-05
117,117,BAGES,Mujer,30 a 39,196,14,0.0010895183884021878,7.78227420287277e-05
118,118,BAGES,Mujer,40 a 49,283,6,0.001573131142437853,3.335260372659759e-05
119,119,BAGES,Mujer,50 a 59,375,17,0.0020845377329123493,9.44990438920265e-05
120,120,BAGES,Mujer,60 a 69,447,29,0.0024847689776315205,0.00016120425134522168
121,121,BAGES,Mujer,70 a 79,432,36,0.0024013874683150266,0.00020011562235958553
122,122,BAGES,Mujer,80 o más,490,20,0.00272379597100547,0.0001111753457553253
123,123,BAGES,Hombre,0 a 9,13,1,7.226397474096144e-05,5.558767287766265e-06
124,124,BAGES,Hombre,10 a 19,33,2,0.00018343932049628674,1.111753457553253e-05
125,125,BAGES,Hombre,20 a 29,93,2,0.0005169653577622626,1.111753457553253e-05
126,126,BAGES,Hombre,30 a 39,164,7,0.0009116378351936675,3.891137101436385e-05
127,127,BAGES,Hombre,40 a 49,366,15,0.002034508827322453,8.338150931649398e-05
128,128,BAGES,Hombre,50 a 59,552,40,0.0030684395428469784,0.0002223506915106506
129,129,BAGES,Hombre,60 a 69,619,57,0.003440876951127318,0.0003168497354026771
130,130,BAGES,Hombre,70 a 79,674,74,0.0037466091519544626,0.0004113487792947036
131,131,BAGES,Hombre,80 o más,539,18,0.002996175568106017,0.00010005781117979276
132,132,BAGES,Residencia,Residencia,594,9,0.0033019077689331613,5.002890558989638e-05
133,133,BAIX CAMP,Mujer,0 a 9,36,2,0.00018188615947374272,1.010478663743015e-05
134,134,BAIX CAMP,Mujer,10 a 19,24,1,0.00012125743964916181,5.052393318715075e-06
135,135,BAIX CAMP,Mujer,20 a 29,69,5,0.0003486151389913402,2.5261966593575377e-05
136,136,BAIX CAMP,Mujer,30 a 39,97,7,0.0004900821519153623,3.536675323100553e-05
137,137,BAIX CAMP,Mujer,40 a 49,90,11,0.00045471539868435675,5.5576326505865826e-05
138,138,BAIX CAMP,Mujer,50 a 59,100,15,0.0005052393318715075,7.578589978072613e-05
139,139,BAIX CAMP,Mujer,60 a 69,115,24,0.0005810252316522336,0.00012125743964916181
140,140,BAIX CAMP,Mujer,70 a 79,175,34,0.0008841688307751382,0.00017178137283631255
141,141,BAIX CAMP,Mujer,80 o más,207,7,0.0010458454169740205,3.536675323100553e-05
142,142,BAIX CAMP,Hombre,0 a 9,39,1,0.00019704333942988794,5.052393318715075e-06
143,143,BAIX CAMP,Hombre,10 a 19,21,1,0.00010610025969301658,5.052393318715075e-06
144,144,BAIX CAMP,Hombre,20 a 29,20,1,0.00010104786637430151,5.052393318715075e-06
145,145,BAIX CAMP,Hombre,30 a 39,39,8,0.00019704333942988794,4.04191465497206e-05
146,146,BAIX CAMP,Hombre,40 a 49,106,21,0.000535553691783798,0.00010610025969301658
147,147,BAIX CAMP,Hombre,50 a 59,188,31,0.0009498499439184342,0.00015662419288016733
148,148,BAIX CAMP,Hombre,60 a 69,265,61,0.001338884229459495,0.0003081959924416196
149,149,BAIX CAMP,Hombre,70 a 79,281,51,0.0014197225225589362,0.00025767205925446887
150,150,BAIX CAMP,Hombre,80 o más,187,13,0.0009447975505997191,6.568111314329598e-05
151,151,BAIX CAMP,Residencia,Residencia,304,4,0.001535927568889383,2.02095732748603e-05
152,152,BAIX EBRE,Mujer,0 a 9,11,0,0.000138549512557624,0.0
153,153,BAIX EBRE,Mujer,10 a 19,7,2,8.816787162757891e-05,2.5190820465022546e-05
154,154,BAIX EBRE,Mujer,20 a 29,17,3,0.00021412197395269164,3.778623069753382e-05
155,155,BAIX EBRE,Mujer,30 a 39,38,5,0.0004786255888354284,6.297705116255636e-05
156,156,BAIX EBRE,Mujer,40 a 49,25,7,0.0003148852558127818,8.816787162757891e-05
157,157,BAIX EBRE,Mujer,50 a 59,42,8,0.0005290072297654734,0.00010076328186009018
158,158,BAIX EBRE,Mujer,60 a 69,60,12,0.0007557246139506764,0.00015114492279013527
159,159,BAIX EBRE,Mujer,70 a 79,74,18,0.0009320603572058342,0.00022671738418520292
160,160,BAIX EBRE,Mujer,80 o más,61,5,0.0007683200241831876,6.297705116255636e-05
161,161,BAIX EBRE,Hombre,0 a 9,15,3,0.0001889311534876691,3.778623069753382e-05
162,162,BAIX EBRE,Hombre,10 a 19,6,0,7.557246139506763e-05,0.0
163,163,BAIX EBRE,Hombre,20 a 29,5,1,6.297705116255636e-05,1.2595410232511273e-05
164,164,BAIX EBRE,Hombre,30 a 39,16,5,0.00020152656372018037,6.297705116255636e-05
165,165,BAIX EBRE,Hombre,40 a 49,39,11,0.0004912209990679396,0.000138549512557624
166,166,BAIX EBRE,Hombre,50 a 59,83,24,0.0010454190492984357,0.00030228984558027054
167,167,BAIX EBRE,Hombre,60 a 69,105,37,0.0013225180744136837,0.0004660301786029171
168,168,BAIX EBRE,Hombre,70 a 79,130,35,0.0016374033302264655,0.00044083935813789456
169,169,BAIX EBRE,Hombre,80 o más,61,2,0.0007683200241831876,2.5190820465022546e-05
170,170,BAIX EBRE,Residencia,Residencia,29,1,0.0003652668967428269,1.2595410232511273e-05
171,171,BAIX EMPORDA,Mujer,0 a 9,16,0,0.0001170283574338607,0.0
172,172,BAIX EMPORDA,Mujer,10 a 19,13,2,9.508554041501181e-05,1.4628544679232587e-05
173,173,BAIX EMPORDA,Mujer,20 a 29,30,1,0.0002194281701884888,7.314272339616294e-06
174,174,BAIX EMPORDA,Mujer,30 a 39,92,7,0.000672913055244699,5.119990637731405e-05
175,175,BAIX EMPORDA,Mujer,40 a 49,67,7,0.0004900562467542917,5.119990637731405e-05
176,176,BAIX EMPORDA,Mujer,50 a 59,85,11,0.000621713148867385,8.045699573577922e-05
177,177,BAIX EMPORDA,Mujer,60 a 69,123,22,0.0008996554977728041,0.00016091399147155844
178,178,BAIX EMPORDA,Mujer,70 a 79,97,10,0.0007094844169427805,7.314272339616293e-05
179,179,BAIX EMPORDA,Mujer,80 o más,104,0,0.0007606843233200945,0.0
180,180,BAIX EMPORDA,Hombre,0 a 9,18,1,0.00013165690211309328,7.314272339616294e-06
181,181,BAIX EMPORDA,Hombre,10 a 19,15,0,0.0001097140850942444,0.0
182,182,BAIX EMPORDA,Hombre,20 a 29,18,2,0.00013165690211309328,1.4628544679232587e-05
183,183,BAIX EMPORDA,Hombre,30 a 39,44,6,0.0003218279829431169,4.388563403769776e-05
184,184,BAIX EMPORDA,Hombre,40 a 49,89,13,0.0006509702382258501,9.508554041501181e-05
185,185,BAIX EMPORDA,Hombre,50 a 59,149,24,0.0010898265786028277,0.00017554253615079105
186,186,BAIX EMPORDA,Hombre,60 a 69,230,40,0.0016822826381117475,0.0002925708935846517
187,187,BAIX EMPORDA,Hombre,70 a 79,207,21,0.0015140543743005727,0.00015359971913194215
188,188,BAIX EMPORDA,Hombre,80 o más,168,6,0.0012287977530555372,4.388563403769776e-05
189,189,BAIX EMPORDA,Residencia,Residencia,85,1,0.000621713148867385,7.314272339616294e-06
190,190,BAIX LLOBREGAT,Mujer,0 a 9,34,4,4.101876125753871e-05,4.825736618533965e-06
191,191,BAIX LLOBREGAT,Mujer,10 a 19,19,2,2.2922248938036334e-05,2.4128683092669826e-06
192,192,BAIX LLOBREGAT,Mujer,20 a 29,130,8,0.00015683644010235388,9.65147323706793e-06
193,193,BAIX LLOBREGAT,Mujer,30 a 39,273,26,0.00032935652421494315,3.1367288020470775e-05
194,194,BAIX LLOBREGAT,Mujer,40 a 49,315,29,0.00038002675870954977,3.498659048437125e-05
195,195,BAIX LLOBREGAT,Mujer,50 a 59,378,48,0.0004560321104514597,5.790883942240758e-05
196,196,BAIX LLOBREGAT,Mujer,60 a 69,567,82,0.0006840481656771896,9.892760067994629e-05
197,197,BAIX LLOBREGAT,Mujer,70 a 79,776,103,0.0009361929039955893,0.00012426271792724962
198,198,BAIX LLOBREGAT,Mujer,80 o más,673,31,0.0008119301860683397,3.739945879363823e-05
199,199,BAIX LLOBREGAT,Hombre,0 a 9,35,0,4.22251954121722e-05,0.0
200,200,BAIX LLOBREGAT,Hombre,10 a 19,27,3,3.2573722175104265e-05,3.619302463900474e-06
201,201,BAIX LLOBREGAT,Hombre,20 a 29,94,14,0.00011340481053554818,1.6890078164868877e-05
202,202,BAIX LLOBREGAT,Hombre,30 a 39,192,27,0.00023163535768963033,3.2573722175104265e-05
203,203,BAIX LLOBREGAT,Hombre,40 a 49,456,53,0.000550133974512872,6.394101019557505e-05
204,204,BAIX LLOBREGAT,Hombre,50 a 59,721,122,0.0008698390254907473,0.00014718496686528593
205,205,BAIX LLOBREGAT,Hombre,60 a 69,969,188,0.0011690346958398532,0.00022680962107109637
206,206,BAIX LLOBREGAT,Hombre,70 a 79,1147,197,0.0013837799753646145,0.0002376675284627978
207,207,BAIX LLOBREGAT,Hombre,80 o más,912,63,0.001100267949025744,7.600535174190996e-05
208,208,BAIX LLOBREGAT,Residencia,Residencia,1091,39,0.001316219662705139,4.7050932030706165e-05
209,209,BAIX PENEDES,Mujer,0 a 9,8,3,7.135530482094278e-05,2.6758239307853543e-05
210,210,BAIX PENEDES,Mujer,10 a 19,8,0,7.135530482094278e-05,0.0
211,211,BAIX PENEDES,Mujer,20 a 29,45,3,0.00040137358961780316,2.6758239307853543e-05
212,212,BAIX PENEDES,Mujer,30 a 39,61,1,0.0005440841992596887,8.919413102617847e-06
213,213,BAIX PENEDES,Mujer,40 a 49,48,3,0.0004281318289256567,2.6758239307853543e-05
214,214,BAIX PENEDES,Mujer,50 a 59,61,12,0.0005440841992596887,0.00010703295723141417
215,215,BAIX PENEDES,Mujer,60 a 69,99,16,0.0008830218971591669,0.00014271060964188555
216,216,BAIX PENEDES,Mujer,70 a 79,110,7,0.0009811354412879632,6.243589171832493e-05
217,217,BAIX PENEDES,Mujer,80 o más,133,4,0.0011862819426481737,3.567765241047139e-05
218,218,BAIX PENEDES,Hombre,0 a 9,11,1,9.811354412879633e-05,8.919413102617847e-06
219,219,BAIX PENEDES,Hombre,10 a 19,6,0,5.3516478615707085e-05,0.0
220,220,BAIX PENEDES,Hombre,20 a 29,12,3,0.00010703295723141417,2.6758239307853543e-05
221,221,BAIX PENEDES,Hombre,30 a 39,37,3,0.00033001828479686037,2.6758239307853543e-05
222,222,BAIX PENEDES,Hombre,40 a 49,74,11,0.0006600365695937207,9.811354412879633e-05
223,223,BAIX PENEDES,Hombre,50 a 59,132,20,0.001177362529545556,0.00017838826205235695
224,224,BAIX PENEDES,Hombre,60 a 69,194,52,0.0017303661419078625,0.0004638094813361281
225,225,BAIX PENEDES,Hombre,70 a 79,241,43,0.0021495785577309015,0.0003835347634125675
226,226,BAIX PENEDES,Hombre,80 o más,212,8,0.0018909155777549838,7.135530482094278e-05
227,227,BAIX PENEDES,Residencia,Residencia,134,2,0.0011952013557507916,1.7838826205235694e-05
228,228,BARCELONES,Mujer,0 a 9,159,13,7.010408914065614e-05,5.731780873135408e-06
229,229,BARCELONES,Mujer,10 a 19,134,12,5.908143361539574e-05,5.290874652124992e-06
230,230,BARCELONES,Mujer,20 a 29,630,41,0.0002777709192365621,1.8077155061427054e-05
231,231,BARCELONES,Mujer,30 a 39,1157,98,0.0005101284977090513,4.320880965902077e-05
232,232,BARCELONES,Mujer,40 a 49,1221,185,0.0005383464958537179,8.156765088692696e-05
233,233,BARCELONES,Mujer,50 a 59,1481,239,0.0006529821133164261,0.00010537658682148942
234,234,BARCELONES,Mujer,60 a 69,1920,438,0.0008465399443399987,0.0001931169248025622
235,235,BARCELONES,Mujer,70 a 79,2382,455,0.001050238618446811,0.00020061233055973927
236,236,BARCELONES,Mujer,80 o más,2484,197,0.0010952110529898734,8.685852553905195e-05
237,237,BARCELONES,Hombre,0 a 9,202,20,8.906305664410402e-05,8.818124420208319e-06
238,238,BARCELONES,Hombre,10 a 19,95,15,4.1886090995989517e-05,6.6135933151562395e-06
239,239,BARCELONES,Hombre,20 a 29,396,60,0.00017459886352012472,2.6454373260624958e-05
240,240,BARCELONES,Hombre,30 a 39,994,193,0.00043826078368435346,8.509490065501028e-05
241,241,BARCELONES,Hombre,40 a 49,1692,353,0.0007460133259496239,0.00015563989601667685
242,242,BARCELONES,Hombre,50 a 59,2429,568,0.0010709612108343004,0.0002504347335339163
243,243,BARCELONES,Hombre,60 a 69,3073,897,0.0013549048171650083,0.0003954928802463431
244,244,BARCELONES,Hombre,70 a 79,3486,850,0.0015369990864423102,0.0003747702878588536
245,245,BARCELONES,Hombre,80 o más,2934,322,0.0012936188524445605,0.00014197180316535395
246,246,BARCELONES,Residencia,Residencia,2066,129,0.0009109122526075194,5.687690251034366e-05
247,247,BERGUEDA,Mujer,0 a 9,1,0,2.483053162168202e-05,0.0
248,248,BERGUEDA,Mujer,10 a 19,2,0,4.966106324336404e-05,0.0
249,249,BERGUEDA,Mujer,20 a 29,8,0,0.00019864425297345617,0.0
250,250,BERGUEDA,Mujer,30 a 39,7,1,0.00017381372135177414,2.483053162168202e-05
251,251,BERGUEDA,Mujer,40 a 49,16,1,0.00039728850594691233,2.483053162168202e-05
252,252,BERGUEDA,Mujer,50 a 59,25,3,0.0006207632905420505,7.449159486504606e-05
253,253,BERGUEDA,Mujer,60 a 69,35,4,0.0008690686067588707,9.932212648672808e-05
254,254,BERGUEDA,Mujer,70 a 79,51,8,0.001266357112705783,0.00019864425297345617
255,255,BERGUEDA,Mujer,80 o más,47,1,0.001167034986219055,2.483053162168202e-05
256,256,BERGUEDA,Hombre,0 a 9,1,0,2.483053162168202e-05,0.0
257,257,BERGUEDA,Hombre,10 a 19,11,0,0.00027313584783850224,0.0
258,258,BERGUEDA,Hombre,20 a 29,8,0,0.00019864425297345617,0.0
259,259,BERGUEDA,Hombre,30 a 39,17,2,0.00042211903756859433,4.966106324336404e-05
260,260,BERGUEDA,Hombre,40 a 49,22,4,0.0005462716956770045,9.932212648672808e-05
261,261,BERGUEDA,Hombre,50 a 59,59,13,0.0014650013656792391,0.0003227969110818663
262,262,BERGUEDA,Hombre,60 a 69,80,11,0.0019864425297345615,0.00027313584783850224
263,263,BERGUEDA,Hombre,70 a 79,78,13,0.0019367814664911975,0.0003227969110818663
264,264,BERGUEDA,Hombre,80 o más,57,0,0.0014153403024358751,0.0
265,265,BERGUEDA,Residencia,Residencia,132,1,0.0032776301740620266,2.483053162168202e-05
266,266,CERDANYA,Mujer,0 a 9,0,0,0.0,0.0
267,267,CERDANYA,Mujer,10 a 19,1,0,5.17196793379881e-05,0.0
268,268,CERDANYA,Mujer,20 a 29,5,0,0.0002585983966899405,0.0
269,269,CERDANYA,Mujer,30 a 39,9,0,0.00046547711404189296,0.0
270,270,CERDANYA,Mujer,40 a 49,20,3,0.001034393586759762,0.0001551590380139643
271,271,CERDANYA,Mujer,50 a 59,18,0,0.0009309542280837859,0.0
272,272,CERDANYA,Mujer,60 a 69,19,2,0.0009826739074217739,0.0001034393586759762
273,273,CERDANYA,Mujer,70 a 79,21,2,0.0010861132660977503,0.0001034393586759762
274,274,CERDANYA,Mujer,80 o más,17,0,0.0008792345487457978,0.0
275,275,CERDANYA,Hombre,0 a 9,2,0,0.0001034393586759762,0.0
276,276,CERDANYA,Hombre,10 a 19,2,1,0.0001034393586759762,5.17196793379881e-05
277,277,CERDANYA,Hombre,20 a 29,4,0,0.0002068787173519524,0.0
278,278,CERDANYA,Hombre,30 a 39,8,2,0.0004137574347039048,0.0001034393586759762
279,279,CERDANYA,Hombre,40 a 49,32,4,0.0016550297388156193,0.0002068787173519524
280,280,CERDANYA,Hombre,50 a 59,29,5,0.001499870700801655,0.0002585983966899405
281,281,CERDANYA,Hombre,60 a 69,42,8,0.0021722265321955005,0.0004137574347039048
282,282,CERDANYA,Hombre,70 a 79,27,8,0.0013964313421256788,0.0004137574347039048
283,283,CERDANYA,Hombre,80 o más,31,0,0.0016033100594776313,0.0
284,284,CERDANYA,Residencia,Residencia,43,3,0.0022239462115334883,0.0001551590380139643
285,285,CONCA DE BARBERA,Mujer,0 a 9,4,1,0.00019985011241568823,4.996252810392206e-05
286,286,CONCA DE BARBERA,Mujer,10 a 19,2,1,9.992505620784411e-05,4.996252810392206e-05
287,287,CONCA DE BARBERA,Mujer,20 a 29,4,0,0.00019985011241568823,0.0
288,288,CONCA DE BARBERA,Mujer,30 a 39,16,0,0.0007994004496627529,0.0
289,289,CONCA DE BARBERA,Mujer,40 a 49,9,0,0.0004496627529352985,0.0
290,290,CONCA DE BARBERA,Mujer,50 a 59,8,2,0.00039970022483137646,9.992505620784411e-05
291,291,CONCA DE BARBERA,Mujer,60 a 69,14,1,0.0006994753934549088,4.996252810392206e-05
292,292,CONCA DE BARBERA,Mujer,70 a 79,20,6,0.0009992505620784412,0.00029977516862353236
293,293,CONCA DE BARBERA,Mujer,80 o más,15,1,0.0007494379215588309,4.996252810392206e-05
294,294,CONCA DE BARBERA,Hombre,0 a 9,2,1,9.992505620784411e-05,4.996252810392206e-05
295,295,CONCA DE BARBERA,Hombre,10 a 19,1,0,4.996252810392206e-05,0.0
296,296,CONCA DE BARBERA,Hombre,20 a 29,2,0,9.992505620784411e-05,0.0
297,297,CONCA DE BARBERA,Hombre,30 a 39,5,1,0.0002498126405196103,4.996252810392206e-05
298,298,CONCA DE BARBERA,Hombre,40 a 49,12,2,0.0005995503372470647,9.992505620784411e-05
299,299,CONCA DE BARBERA,Hombre,50 a 59,14,2,0.0006994753934549088,9.992505620784411e-05
300,300,CONCA DE BARBERA,Hombre,60 a 69,34,8,0.00169872595553335,0.00039970022483137646
301,301,CONCA DE BARBERA,Hombre,70 a 79,29,6,0.0014489133150137397,0.00029977516862353236
302,302,CONCA DE BARBERA,Hombre,80 o más,26,1,0.0012990257307019734,4.996252810392206e-05
303,303,CONCA DE BARBERA,Residencia,Residencia,36,3,0.001798651011741194,0.00014988758431176618
304,304,GARRAF,Mujer,0 a 9,14,1,9.070882467280032e-05,6.47920176234288e-06
305,305,GARRAF,Mujer,10 a 19,7,1,4.535441233640016e-05,6.47920176234288e-06
306,306,GARRAF,Mujer,20 a 29,11,0,7.127121938577168e-05,0.0
307,307,GARRAF,Mujer,30 a 39,56,4,0.00036283529869120127,2.591680704937152e-05
308,308,GARRAF,Mujer,40 a 49,47,2,0.00030452248283011535,1.295840352468576e-05
309,309,GARRAF,Mujer,50 a 59,81,8,0.0005248153427497732,5.183361409874304e-05
310,310,GARRAF,Mujer,60 a 69,111,8,0.0007191913956200596,5.183361409874304e-05
311,311,GARRAF,Mujer,70 a 79,155,9,0.0010042762731631463,5.831281586108591e-05
312,312,GARRAF,Mujer,80 o más,180,3,0.0011662563172217184,1.943760528702864e-05
313,313,GARRAF,Hombre,0 a 9,8,0,5.183361409874304e-05,0.0
314,314,GARRAF,Hombre,10 a 19,9,0,5.831281586108591e-05,0.0
315,315,GARRAF,Hombre,20 a 29,20,3,0.0001295840352468576,1.943760528702864e-05
316,316,GARRAF,Hombre,30 a 39,40,2,0.0002591680704937152,1.295840352468576e-05
317,317,GARRAF,Hombre,40 a 49,94,13,0.0006090449656602307,8.422962291045744e-05
318,318,GARRAF,Hombre,50 a 59,114,19,0.0007386290009070883,0.00012310483348451472
319,319,GARRAF,Hombre,60 a 69,219,33,0.0014189451859530906,0.00021381365815731503
320,320,GARRAF,Hombre,70 a 79,245,35,0.0015874044317740054,0.00022677206168200076
321,321,GARRAF,Hombre,80 o más,192,3,0.001244006738369833,1.943760528702864e-05
322,322,GARRAF,Residencia,Residencia,283,6,0.001833614098743035,3.887521057405728e-05
323,323,GARRIGUES,Mujer,0 a 9,0,0,0.0,0.0
324,324,GARRIGUES,Mujer,10 a 19,2,0,0.00010519671786240269,0.0
325,325,GARRIGUES,Mujer,20 a 29,7,1,0.0003681885125184094,5.2598358931201344e-05
326,326,GARRIGUES,Mujer,30 a 39,9,1,0.00047338523038081213,5.2598358931201344e-05
327,327,GARRIGUES,Mujer,40 a 49,3,0,0.00015779507679360404,0.0
328,328,GARRIGUES,Mujer,50 a 59,10,1,0.0005259835893120135,5.2598358931201344e-05
329,329,GARRIGUES,Mujer,60 a 69,15,6,0.0007889753839680202,0.0003155901535872081
330,330,GARRIGUES,Mujer,70 a 79,18,3,0.0009467704607616243,0.00015779507679360404
331,331,GARRIGUES,Mujer,80 o más,15,3,0.0007889753839680202,0.00015779507679360404
332,332,GARRIGUES,Hombre,0 a 9,0,0,0.0,0.0
333,333,GARRIGUES,Hombre,10 a 19,4,0,0.00021039343572480537,0.0
334,334,GARRIGUES,Hombre,20 a 29,2,2,0.00010519671786240269,0.00010519671786240269
335,335,GARRIGUES,Hombre,30 a 39,6,2,0.0003155901535872081,0.00010519671786240269
336,336,GARRIGUES,Hombre,40 a 49,12,3,0.0006311803071744162,0.00015779507679360404
337,337,GARRIGUES,Hombre,50 a 59,17,4,0.0008941721018304229,0.00021039343572480537
338,338,GARRIGUES,Hombre,60 a 69,31,13,0.0016305491268672418,0.0006837786661056175
339,339,GARRIGUES,Hombre,70 a 79,50,10,0.002629917946560067,0.0005259835893120135
340,340,GARRIGUES,Hombre,80 o más,42,2,0.0022091310751104565,0.00010519671786240269
341,341,GARRIGUES,Residencia,Residencia,40,1,0.002103934357248054,5.2598358931201344e-05
342,342,GARROTXA,Mujer,0 a 9,3,1,5.109339873288371e-05,1.7031132910961235e-05
343,343,GARROTXA,Mujer,10 a 19,1,0,1.7031132910961235e-05,0.0
344,344,GARROTXA,Mujer,20 a 29,5,0,8.515566455480618e-05,0.0
345,345,GARROTXA,Mujer,30 a 39,2,1,3.406226582192247e-05,1.7031132910961235e-05
346,346,GARROTXA,Mujer,40 a 49,10,3,0.00017031132910961237,5.109339873288371e-05
347,347,GARROTXA,Mujer,50 a 59,12,4,0.00020437359493153485,6.812453164384494e-05
348,348,GARROTXA,Mujer,60 a 69,30,15,0.0005109339873288372,0.0002554669936644186
349,349,GARROTXA,Mujer,70 a 79,13,7,0.0002214047278424961,0.00011921793037672866
350,350,GARROTXA,Mujer,80 o más,11,1,0.0001873424620205736,1.7031132910961235e-05
351,351,GARROTXA,Hombre,0 a 9,2,0,3.406226582192247e-05,0.0
352,352,GARROTXA,Hombre,10 a 19,4,1,6.812453164384494e-05,1.7031132910961235e-05
353,353,GARROTXA,Hombre,20 a 29,5,2,8.515566455480618e-05,3.406226582192247e-05
354,354,GARROTXA,Hombre,30 a 39,3,2,5.109339873288371e-05,3.406226582192247e-05
355,355,GARROTXA,Hombre,40 a 49,22,9,0.0003746849240411472,0.00015328019619865113
356,356,GARROTXA,Hombre,50 a 59,25,14,0.00042577832277403095,0.0002384358607534573
357,357,GARROTXA,Hombre,60 a 69,56,36,0.0009537434430138292,0.0006131207847946045
358,358,GARROTXA,Hombre,70 a 79,43,19,0.0007323387151713332,0.0003235915253082635
359,359,GARROTXA,Hombre,80 o más,20,6,0.00034062265821922474,0.00010218679746576743
360,360,GARROTXA,Residencia,Residencia,16,0,0.00027249812657537977,0.0
361,361,GIRONES,Mujer,0 a 9,14,2,7.265669194081594e-05,1.0379527420116561e-05
362,362,GIRONES,Mujer,10 a 19,17,3,8.822598307099077e-05,1.5569291130174845e-05
363,363,GIRONES,Mujer,20 a 29,84,14,0.0004359401516448956,7.265669194081594e-05
364,364,GIRONES,Mujer,30 a 39,179,28,0.0009289677041004323,0.00014531338388163188
365,365,GIRONES,Mujer,40 a 49,107,18,0.000555304716976236,9.341574678104905e-05
366,366,GIRONES,Mujer,50 a 59,99,24,0.0005137866072957698,0.00012455432904139876
367,367,GIRONES,Mujer,60 a 69,161,44,0.0008355519573193833,0.00022834960324256436
368,368,GIRONES,Mujer,70 a 79,175,37,0.0009082086492601992,0.0001920212572721564
369,369,GIRONES,Mujer,80 o más,163,19,0.0008459314847394998,9.860551049110733e-05
370,370,GIRONES,Hombre,0 a 9,12,4,6.227716452069938e-05,2.0759054840233123e-05
371,371,GIRONES,Hombre,10 a 19,16,0,8.303621936093249e-05,0.0
372,372,GIRONES,Hombre,20 a 29,30,6,0.00015569291130174842,3.113858226034969e-05
373,373,GIRONES,Hombre,30 a 39,88,19,0.0004566992064851287,9.860551049110733e-05
374,374,GIRONES,Hombre,40 a 49,131,39,0.0006798590460176348,0.00020240078469227295
375,375,GIRONES,Hombre,50 a 59,234,70,0.0012144047081536378,0.00036328345970407965
376,376,GIRONES,Hombre,60 a 69,257,87,0.0013337692734849782,0.00045150944277507046
377,377,GIRONES,Hombre,70 a 79,286,70,0.0014842724210766683,0.00036328345970407965
378,378,GIRONES,Hombre,80 o más,160,29,0.0008303621936093249,0.00015050314759169016
379,379,GIRONES,Residencia,Residencia,126,12,0.0006539102274673434,6.227716452069938e-05
380,380,MARESME,Mujer,0 a 9,35,2,7.64888555737429e-05,4.370791747071023e-06
381,381,MARESME,Mujer,10 a 19,32,2,6.993266795313637e-05,4.370791747071023e-06
382,382,MARESME,Mujer,20 a 29,80,2,0.00017483166988284092,4.370791747071023e-06
383,383,MARESME,Mujer,30 a 39,154,17,0.0003365509645244688,3.71517298501037e-05
384,384,MARESME,Mujer,40 a 49,161,21,0.0003518487356392174,4.589331334424574e-05
385,385,MARESME,Mujer,50 a 59,219,40,0.00047860169630427703,8.741583494142046e-05
386,386,MARESME,Mujer,60 a 69,351,64,0.0007670739516109646,0.00013986533590627274
387,387,MARESME,Mujer,70 a 79,370,60,0.0008085964732081393,0.0001311237524121307
388,388,MARESME,Mujer,80 o más,459,23,0.0010030967059527999,5.0264105091316764e-05
389,389,MARESME,Hombre,0 a 9,34,2,7.43034597002074e-05,4.370791747071023e-06
390,390,MARESME,Hombre,10 a 19,24,2,5.2449500964852276e-05,4.370791747071023e-06
391,391,MARESME,Hombre,20 a 29,38,5,8.304504319434944e-05,1.0926979367677558e-05
392,392,MARESME,Hombre,30 a 39,92,15,0.00020105642036526706,3.2780938103032675e-05
393,393,MARESME,Hombre,40 a 49,235,57,0.0005135680302808453,0.00012456756479152417
394,394,MARESME,Hombre,50 a 59,395,94,0.0008632313700465271,0.00020542721211233808
395,395,MARESME,Hombre,60 a 69,594,154,0.0012981251488800938,0.0003365509645244688
396,396,MARESME,Hombre,70 a 79,707,165,0.0015450748825896067,0.00036059031913335943
397,397,MARESME,Hombre,80 o más,532,35,0.001162630604720892,7.64888555737429e-05
398,398,MARESME,Residencia,Residencia,848,16,0.001853215700758114,3.4966333976568186e-05
399,399,MOIANES,Mujer,0 a 9,0,0,0.0,0.0
400,400,MOIANES,Mujer,10 a 19,2,0,0.0001403016485443704,0.0
401,401,MOIANES,Mujer,20 a 29,1,0,7.01508242721852e-05,0.0
402,402,MOIANES,Mujer,30 a 39,8,0,0.0005612065941774816,0.0
403,403,MOIANES,Mujer,40 a 49,21,1,0.001473167309715889,7.01508242721852e-05
404,404,MOIANES,Mujer,50 a 59,19,0,0.0013328656611715187,0.0
405,405,MOIANES,Mujer,60 a 69,23,3,0.0016134689582602596,0.0002104524728165556
406,406,MOIANES,Mujer,70 a 79,25,1,0.00175377060680463,7.01508242721852e-05
407,407,MOIANES,Mujer,80 o más,25,1,0.00175377060680463,7.01508242721852e-05
408,408,MOIANES,Hombre,0 a 9,0,0,0.0,0.0
409,409,MOIANES,Hombre,10 a 19,5,1,0.00035075412136092597,7.01508242721852e-05
410,410,MOIANES,Hombre,20 a 29,6,0,0.0004209049456331112,0.0
411,411,MOIANES,Hombre,30 a 39,5,0,0.00035075412136092597,0.0
412,412,MOIANES,Hombre,40 a 49,14,1,0.0009821115398105928,7.01508242721852e-05
413,413,MOIANES,Hombre,50 a 59,35,3,0.002455278849526482,0.0002104524728165556
414,414,MOIANES,Hombre,60 a 69,46,5,0.0032269379165205192,0.00035075412136092597
415,415,MOIANES,Hombre,70 a 79,35,5,0.002455278849526482,0.00035075412136092597
416,416,MOIANES,Hombre,80 o más,28,1,0.0019642230796211857,7.01508242721852e-05
417,417,MOIANES,Residencia,Residencia,67,1,0.0047001052262364085,7.01508242721852e-05
418,418,MONTSIA,Mujer,0 a 9,3,0,4.291354351433312e-05,0.0
419,419,MONTSIA,Mujer,10 a 19,7,0,0.00010013160153344395,0.0
420,420,MONTSIA,Mujer,20 a 29,30,6,0.00042913543514333123,8.582708702866625e-05
421,421,MONTSIA,Mujer,30 a 39,40,3,0.0005721805801911083,4.291354351433312e-05
422,422,MONTSIA,Mujer,40 a 49,23,3,0.0003290038336098873,4.291354351433312e-05
423,423,MONTSIA,Mujer,50 a 59,39,11,0.0005578760656863306,0.00015734965955255478
424,424,MONTSIA,Mujer,60 a 69,46,15,0.0006580076672197746,0.00021456771757166561
425,425,MONTSIA,Mujer,70 a 79,56,10,0.0008010528122675516,0.00014304514504777708
426,426,MONTSIA,Mujer,80 o más,58,3,0.0008296618412771071,4.291354351433312e-05
427,427,MONTSIA,Hombre,0 a 9,11,1,0.00015734965955255478,1.4304514504777708e-05
428,428,MONTSIA,Hombre,10 a 19,5,2,7.152257252388854e-05,2.8609029009555415e-05
429,429,MONTSIA,Hombre,20 a 29,5,1,7.152257252388854e-05,1.4304514504777708e-05
430,430,MONTSIA,Hombre,30 a 39,17,3,0.00024317674658122103,4.291354351433312e-05
431,431,MONTSIA,Hombre,40 a 49,34,14,0.00048635349316244206,0.0002002632030668879
432,432,MONTSIA,Hombre,50 a 59,61,20,0.0008725753847914401,0.00028609029009555415
433,433,MONTSIA,Hombre,60 a 69,80,30,0.0011443611603822166,0.00042913543514333123
434,434,MONTSIA,Hombre,70 a 79,86,20,0.001230188247410883,0.00028609029009555415
435,435,MONTSIA,Hombre,80 o más,64,5,0.0009154889283057733,7.152257252388854e-05
436,436,MONTSIA,Residencia,Residencia,77,0,0.0011014476168678836,0.0
437,437,NOGUERA,Mujer,0 a 9,4,0,0.00010308746971805578,0.0
438,438,NOGUERA,Mujer,10 a 19,6,0,0.00015463120457708364,0.0
439,439,NOGUERA,Mujer,20 a 29,7,0,0.0001804030720065976,0.0
440,440,NOGUERA,Mujer,30 a 39,17,2,0.000438121746301737,5.154373485902789e-05
441,441,NOGUERA,Mujer,40 a 49,17,5,0.000438121746301737,0.0001288593371475697
442,442,NOGUERA,Mujer,50 a 59,26,9,0.0006700685531673625,0.0002319468068656255
443,443,NOGUERA,Mujer,60 a 69,38,13,0.0009793309623215298,0.00033503427658368126
444,444,NOGUERA,Mujer,70 a 79,41,5,0.0010566465646100716,0.0001288593371475697
445,445,NOGUERA,Mujer,80 o más,39,2,0.0010051028297510438,5.154373485902789e-05
446,446,NOGUERA,Hombre,0 a 9,2,0,5.154373485902789e-05,0.0
447,447,NOGUERA,Hombre,10 a 19,4,1,0.00010308746971805578,2.5771867429513944e-05
448,448,NOGUERA,Hombre,20 a 29,9,2,0.0002319468068656255,5.154373485902789e-05
449,449,NOGUERA,Hombre,30 a 39,9,4,0.0002319468068656255,0.00010308746971805578
450,450,NOGUERA,Hombre,40 a 49,34,10,0.000876243492603474,0.0002577186742951394
451,451,NOGUERA,Hombre,50 a 59,40,16,0.0010308746971805576,0.0004123498788722231
452,452,NOGUERA,Hombre,60 a 69,64,21,0.0016493995154888924,0.0005412092160197928
453,453,NOGUERA,Hombre,70 a 79,78,16,0.0020102056595020876,0.0004123498788722231
454,454,NOGUERA,Hombre,80 o más,56,3,0.001443224576052781,7.731560228854182e-05
455,455,NOGUERA,Residencia,Residencia,64,5,0.0016493995154888924,0.0001288593371475697
456,456,OSONA,Mujer,0 a 9,18,0,0.00010997940941057147,0.0
457,457,OSONA,Mujer,10 a 19,11,1,6.720963908423811e-05,6.109967189476193e-06
458,458,OSONA,Mujer,20 a 29,49,1,0.0002993883922843334,6.109967189476193e-06
459,459,OSONA,Mujer,30 a 39,79,5,0.0004826874079686192,3.054983594738096e-05
460,460,OSONA,Mujer,40 a 49,70,11,0.00042769770326333347,6.720963908423811e-05
461,461,OSONA,Mujer,50 a 59,117,25,0.0007148661611687145,0.00015274917973690481
462,462,OSONA,Mujer,60 a 69,159,27,0.0009714847831267146,0.0001649691141158572
463,463,OSONA,Mujer,70 a 79,174,21,0.0010631342909688576,0.00012830931097900005
464,464,OSONA,Mujer,80 o más,196,4,0.0011975535691373337,2.443986875790477e-05
465,465,OSONA,Hombre,0 a 9,25,3,0.00015274917973690481,1.8329901568428576e-05
466,466,OSONA,Hombre,10 a 19,20,2,0.00012219934378952384,1.2219934378952386e-05
467,467,OSONA,Hombre,20 a 29,17,4,0.00010386944222109528,2.443986875790477e-05
468,468,OSONA,Hombre,30 a 39,34,2,0.00020773888444219056,1.2219934378952386e-05
469,469,OSONA,Hombre,40 a 49,94,24,0.0005743369158107621,0.0001466392125474286
470,470,OSONA,Hombre,50 a 59,183,37,0.0011181239956741431,0.00022606878601061912
471,471,OSONA,Hombre,60 a 69,318,87,0.0019429695662534292,0.0005315671454844288
472,472,OSONA,Hombre,70 a 79,288,51,0.0017596705505691435,0.00031160832666328583
473,473,OSONA,Hombre,80 o más,192,13,0.0011731137003794289,7.94295734631905e-05
474,474,OSONA,Residencia,Residencia,137,0,0.0008370655049582384,0.0
475,475,PALLARS JUSSA,Mujer,0 a 9,2,0,0.0001522417599147446,0.0
476,476,PALLARS JUSSA,Mujer,10 a 19,1,1,7.61208799573723e-05,7.61208799573723e-05
477,477,PALLARS JUSSA,Mujer,20 a 29,2,1,0.0001522417599147446,7.61208799573723e-05
478,478,PALLARS JUSSA,Mujer,30 a 39,6,0,0.00045672527974423386,0.0
479,479,PALLARS JUSSA,Mujer,40 a 49,4,0,0.0003044835198294892,0.0
480,480,PALLARS JUSSA,Mujer,50 a 59,16,4,0.0012179340793179569,0.0003044835198294892
481,481,PALLARS JUSSA,Mujer,60 a 69,17,2,0.0012940549592753293,0.0001522417599147446
482,482,PALLARS JUSSA,Mujer,70 a 79,18,2,0.0013701758392327015,0.0001522417599147446
483,483,PALLARS JUSSA,Mujer,80 o más,15,0,0.0011418131993605847,0.0
484,484,PALLARS JUSSA,Hombre,0 a 9,2,0,0.0001522417599147446,0.0
485,485,PALLARS JUSSA,Hombre,10 a 19,0,0,0.0,0.0
486,486,PALLARS JUSSA,Hombre,20 a 29,2,0,0.0001522417599147446,0.0
487,487,PALLARS JUSSA,Hombre,30 a 39,1,0,7.61208799573723e-05,0.0
488,488,PALLARS JUSSA,Hombre,40 a 49,11,4,0.0008373296795310954,0.0003044835198294892
489,489,PALLARS JUSSA,Hombre,50 a 59,15,1,0.0011418131993605847,7.61208799573723e-05
490,490,PALLARS JUSSA,Hombre,60 a 69,33,3,0.002511989038593286,0.00022836263987211693
491,491,PALLARS JUSSA,Hombre,70 a 79,20,6,0.0015224175991474462,0.00045672527974423386
492,492,PALLARS JUSSA,Hombre,80 o más,17,0,0.0012940549592753293,0.0
493,493,PALLARS JUSSA,Residencia,Residencia,66,2,0.005023978077186572,0.0001522417599147446
494,494,PALLARS SOBIRA,Mujer,0 a 9,0,0,0.0,0.0
495,495,PALLARS SOBIRA,Mujer,10 a 19,0,0,0.0,0.0
496,496,PALLARS SOBIRA,Mujer,20 a 29,2,1,0.0002781641168289291,0.00013908205841446454
497,497,PALLARS SOBIRA,Mujer,30 a 39,5,1,0.0006954102920723226,0.00013908205841446454
498,498,PALLARS SOBIRA,Mujer,40 a 49,8,1,0.0011126564673157164,0.00013908205841446454
499,499,PALLARS SOBIRA,Mujer,50 a 59,4,1,0.0005563282336578582,0.00013908205841446454
500,500,PALLARS SOBIRA,Mujer,60 a 69,4,1,0.0005563282336578582,0.00013908205841446454
501,501,PALLARS SOBIRA,Mujer,70 a 79,13,4,0.0018080667593880389,0.0005563282336578582
502,502,PALLARS SOBIRA,Mujer,80 o más,5,1,0.0006954102920723226,0.00013908205841446454
503,503,PALLARS SOBIRA,Hombre,0 a 9,1,0,0.00013908205841446454,0.0
504,504,PALLARS SOBIRA,Hombre,10 a 19,2,0,0.0002781641168289291,0.0
505,505,PALLARS SOBIRA,Hombre,20 a 29,5,0,0.0006954102920723226,0.0
506,506,PALLARS SOBIRA,Hombre,30 a 39,0,0,0.0,0.0
507,507,PALLARS SOBIRA,Hombre,40 a 49,13,1,0.0018080667593880389,0.00013908205841446454
508,508,PALLARS SOBIRA,Hombre,50 a 59,9,4,0.0012517385257301808,0.0005563282336578582
509,509,PALLARS SOBIRA,Hombre,60 a 69,22,3,0.00305980528511822,0.0004172461752433936
510,510,PALLARS SOBIRA,Hombre,70 a 79,13,0,0.0018080667593880389,0.0
511,511,PALLARS SOBIRA,Hombre,80 o más,7,0,0.0009735744089012518,0.0
512,512,PALLARS SOBIRA,Residencia,Residencia,24,0,0.003337969401947149,0.0
513,513,PLA D'URGELL,Mujer,0 a 9,5,1,0.0001324468226007258,2.648936452014516e-05
514,514,PLA D'URGELL,Mujer,10 a 19,3,0,7.946809356043549e-05,0.0
515,515,PLA D'URGELL,Mujer,20 a 29,22,0,0.0005827660194431936,0.0
516,516,PLA D'URGELL,Mujer,30 a 39,22,2,0.0005827660194431936,5.297872904029032e-05
517,517,PLA D'URGELL,Mujer,40 a 49,24,4,0.0006357447484834839,0.00010595745808058064
518,518,PLA D'URGELL,Mujer,50 a 59,26,5,0.0006887234775237742,0.0001324468226007258
519,519,PLA D'URGELL,Mujer,60 a 69,35,5,0.0009271277582050807,0.0001324468226007258
520,520,PLA D'URGELL,Mujer,70 a 79,60,12,0.0015893618712087096,0.00031787237424174195
521,521,PLA D'URGELL,Mujer,80 o más,53,4,0.0014039363195676936,0.00010595745808058064
522,522,PLA D'URGELL,Hombre,0 a 9,2,0,5.297872904029032e-05,0.0
523,523,PLA D'URGELL,Hombre,10 a 19,5,0,0.0001324468226007258,0.0
524,524,PLA D'URGELL,Hombre,20 a 29,3,1,7.946809356043549e-05,2.648936452014516e-05
525,525,PLA D'URGELL,Hombre,30 a 39,9,4,0.00023840428068130646,0.00010595745808058064
526,526,PLA D'URGELL,Hombre,40 a 49,18,4,0.0004768085613626129,0.00010595745808058064
527,527,PLA D'URGELL,Hombre,50 a 59,57,20,0.0015098937776482741,0.0005297872904029032
528,528,PLA D'URGELL,Hombre,60 a 69,69,17,0.0018277661518900162,0.00045031919684246775
529,529,PLA D'URGELL,Hombre,70 a 79,77,23,0.0020396810680511773,0.0006092553839633387
530,530,PLA D'URGELL,Hombre,80 o más,59,3,0.0015628725066885645,7.946809356043549e-05
531,531,PLA D'URGELL,Residencia,Residencia,56,1,0.0014834044131281292,2.648936452014516e-05
532,532,PLA DE L'ESTANY,Mujer,0 a 9,3,1,9.16198387490838e-05,3.05399462496946e-05
533,533,PLA DE L'ESTANY,Mujer,10 a 19,3,0,9.16198387490838e-05,0.0
534,534,PLA DE L'ESTANY,Mujer,20 a 29,10,0,0.000305399462496946,0.0
535,535,PLA DE L'ESTANY,Mujer,30 a 39,11,0,0.0003359394087466406,0.0
536,536,PLA DE L'ESTANY,Mujer,40 a 49,24,4,0.0007329587099926704,0.0001221597849987784
537,537,PLA DE L'ESTANY,Mujer,50 a 59,18,4,0.0005497190324945028,0.0001221597849987784
538,538,PLA DE L'ESTANY,Mujer,60 a 69,18,5,0.0005497190324945028,0.000152699731248473
539,539,PLA DE L'ESTANY,Mujer,70 a 79,30,8,0.000916198387490838,0.0002443195699975568
540,540,PLA DE L'ESTANY,Mujer,80 o más,15,1,0.000458099193745419,3.05399462496946e-05
541,541,PLA DE L'ESTANY,Hombre,0 a 9,7,1,0.0002137796237478622,3.05399462496946e-05
542,542,PLA DE L'ESTANY,Hombre,10 a 19,2,1,6.10798924993892e-05,3.05399462496946e-05
543,543,PLA DE L'ESTANY,Hombre,20 a 29,4,1,0.0001221597849987784,3.05399462496946e-05
544,544,PLA DE L'ESTANY,Hombre,30 a 39,6,1,0.0001832396774981676,3.05399462496946e-05
545,545,PLA DE L'ESTANY,Hombre,40 a 49,28,5,0.0008551184949914489,0.000152699731248473
546,546,PLA DE L'ESTANY,Hombre,50 a 59,28,6,0.0008551184949914489,0.0001832396774981676
547,547,PLA DE L'ESTANY,Hombre,60 a 69,50,16,0.00152699731248473,0.0004886391399951136
548,548,PLA DE L'ESTANY,Hombre,70 a 79,51,17,0.0015575372587344246,0.0005191790862448082
549,549,PLA DE L'ESTANY,Hombre,80 o más,42,7,0.0012826777424871732,0.0002137796237478622
550,550,PLA DE L'ESTANY,Residencia,Residencia,77,2,0.002351575861226484,6.10798924993892e-05
551,551,PRIORAT,Mujer,0 a 9,0,0,0.0,0.0
552,552,PRIORAT,Mujer,10 a 19,0,0,0.0,0.0
553,553,PRIORAT,Mujer,20 a 29,1,0,0.00010828370330265295,0.0
554,554,PRIORAT,Mujer,30 a 39,5,1,0.0005414185165132648,0.00010828370330265295
555,555,PRIORAT,Mujer,40 a 49,2,0,0.0002165674066053059,0.0
556,556,PRIORAT,Mujer,50 a 59,9,1,0.0009745533297238765,0.00010828370330265295
557,557,PRIORAT,Mujer,60 a 69,1,0,0.00010828370330265295,0.0
558,558,PRIORAT,Mujer,70 a 79,5,0,0.0005414185165132648,0.0
559,559,PRIORAT,Mujer,80 o más,8,0,0.0008662696264212236,0.0
560,560,PRIORAT,Hombre,0 a 9,1,0,0.00010828370330265295,0.0
561,561,PRIORAT,Hombre,10 a 19,0,0,0.0,0.0
562,562,PRIORAT,Hombre,20 a 29,0,0,0.0,0.0
563,563,PRIORAT,Hombre,30 a 39,1,0,0.00010828370330265295,0.0
564,564,PRIORAT,Hombre,40 a 49,3,0,0.00032485110990795884,0.0
565,565,PRIORAT,Hombre,50 a 59,4,0,0.0004331348132106118,0.0
566,566,PRIORAT,Hombre,60 a 69,11,3,0.0011911207363291825,0.00032485110990795884
567,567,PRIORAT,Hombre,70 a 79,9,2,0.0009745533297238765,0.0002165674066053059
568,568,PRIORAT,Hombre,80 o más,15,2,0.0016242555495397943,0.0002165674066053059
569,569,PRIORAT,Residencia,Residencia,51,0,0.0055224688684353,0.0
570,570,RIBERA D'EBRE,Mujer,0 a 9,1,0,4.622140050843541e-05,0.0
571,571,RIBERA D'EBRE,Mujer,10 a 19,0,0,0.0,0.0
572,572,RIBERA D'EBRE,Mujer,20 a 29,3,0,0.00013866420152530622,0.0
573,573,RIBERA D'EBRE,Mujer,30 a 39,2,1,9.244280101687081e-05,4.622140050843541e-05
574,574,RIBERA D'EBRE,Mujer,40 a 49,5,2,0.00023110700254217703,9.244280101687081e-05
575,575,RIBERA D'EBRE,Mujer,50 a 59,10,3,0.00046221400508435407,0.00013866420152530622
576,576,RIBERA D'EBRE,Mujer,60 a 69,15,4,0.0006933210076265311,0.00018488560203374163
577,577,RIBERA D'EBRE,Mujer,70 a 79,14,2,0.0006470996071180956,9.244280101687081e-05
578,578,RIBERA D'EBRE,Mujer,80 o más,10,1,0.00046221400508435407,4.622140050843541e-05
579,579,RIBERA D'EBRE,Hombre,0 a 9,1,0,4.622140050843541e-05,0.0
580,580,RIBERA D'EBRE,Hombre,10 a 19,1,0,4.622140050843541e-05,0.0
581,581,RIBERA D'EBRE,Hombre,20 a 29,1,1,4.622140050843541e-05,4.622140050843541e-05
582,582,RIBERA D'EBRE,Hombre,30 a 39,4,0,0.00018488560203374163,0.0
583,583,RIBERA D'EBRE,Hombre,40 a 49,9,3,0.00041599260457591864,0.00013866420152530622
584,584,RIBERA D'EBRE,Hombre,50 a 59,13,2,0.0006008782066096603,9.244280101687081e-05
585,585,RIBERA D'EBRE,Hombre,60 a 69,35,12,0.0016177490177952392,0.0005546568061012249
586,586,RIBERA D'EBRE,Hombre,70 a 79,35,9,0.0016177490177952392,0.00041599260457591864
587,587,RIBERA D'EBRE,Hombre,80 o más,16,1,0.0007395424081349665,4.622140050843541e-05
588,588,RIBERA D'EBRE,Residencia,Residencia,20,2,0.0009244280101687081,9.244280101687081e-05
589,589,RIPOLLES,Mujer,0 a 9,1,0,3.930045195519748e-05,0.0
590,590,RIPOLLES,Mujer,10 a 19,0,0,0.0,0.0
591,591,RIPOLLES,Mujer,20 a 29,2,0,7.860090391039497e-05,0.0
592,592,RIPOLLES,Mujer,30 a 39,2,0,7.860090391039497e-05,0.0
593,593,RIPOLLES,Mujer,40 a 49,5,1,0.00019650225977598743,3.930045195519748e-05
594,594,RIPOLLES,Mujer,50 a 59,9,3,0.00035370406759677734,0.00011790135586559245
595,595,RIPOLLES,Mujer,60 a 69,15,6,0.0005895067793279622,0.0002358027117311849
596,596,RIPOLLES,Mujer,70 a 79,16,9,0.0006288072312831597,0.00035370406759677734
597,597,RIPOLLES,Mujer,80 o más,19,0,0.0007467085871487523,0.0
598,598,RIPOLLES,Hombre,0 a 9,4,1,0.00015720180782078993,3.930045195519748e-05
599,599,RIPOLLES,Hombre,10 a 19,1,1,3.930045195519748e-05,3.930045195519748e-05
600,600,RIPOLLES,Hombre,20 a 29,1,0,3.930045195519748e-05,0.0
601,601,RIPOLLES,Hombre,30 a 39,2,1,7.860090391039497e-05,3.930045195519748e-05
602,602,RIPOLLES,Hombre,40 a 49,5,0,0.00019650225977598743,0.0
603,603,RIPOLLES,Hombre,50 a 59,15,8,0.0005895067793279622,0.00031440361564157986
604,604,RIPOLLES,Hombre,60 a 69,24,13,0.0009432108469247396,0.0005109058754175673
605,605,RIPOLLES,Hombre,70 a 79,48,18,0.0018864216938494793,0.0007074081351935547
606,606,RIPOLLES,Hombre,80 o más,15,3,0.0005895067793279622,0.00011790135586559245
607,607,RIPOLLES,Residencia,Residencia,17,0,0.0006681076832383572,0.0
608,608,SEGARRA,Mujer,0 a 9,0,0,0.0,0.0
609,609,SEGARRA,Mujer,10 a 19,2,0,8.617346718945237e-05,0.0
610,610,SEGARRA,Mujer,20 a 29,8,1,0.0003446938687578095,4.3086733594726185e-05
611,611,SEGARRA,Mujer,30 a 39,12,1,0.0005170408031367142,4.3086733594726185e-05
612,612,SEGARRA,Mujer,40 a 49,8,1,0.0003446938687578095,4.3086733594726185e-05
613,613,SEGARRA,Mujer,50 a 59,14,4,0.0006032142703261665,0.00017234693437890474
614,614,SEGARRA,Mujer,60 a 69,26,4,0.0011202550734628809,0.00017234693437890474
615,615,SEGARRA,Mujer,70 a 79,26,4,0.0011202550734628809,0.00017234693437890474
616,616,SEGARRA,Mujer,80 o más,22,4,0.000947908139083976,0.00017234693437890474
617,617,SEGARRA,Hombre,0 a 9,3,0,0.00012926020078417856,0.0
618,618,SEGARRA,Hombre,10 a 19,3,0,0.00012926020078417856,0.0
619,619,SEGARRA,Hombre,20 a 29,2,1,8.617346718945237e-05,4.3086733594726185e-05
620,620,SEGARRA,Hombre,30 a 39,9,3,0.00038778060235253564,0.00012926020078417856
621,621,SEGARRA,Hombre,40 a 49,20,4,0.0008617346718945237,0.00017234693437890474
622,622,SEGARRA,Hombre,50 a 59,40,5,0.0017234693437890474,0.00021543366797363093
623,623,SEGARRA,Hombre,60 a 69,44,11,0.001895816278167952,0.000473954069541988
624,624,SEGARRA,Hombre,70 a 79,50,7,0.002154336679736309,0.00030160713516308327
625,625,SEGARRA,Hombre,80 o más,43,5,0.001852729544573226,0.00021543366797363093
626,626,SEGARRA,Residencia,Residencia,52,5,0.0022405101469257617,0.00021543366797363093
627,627,SEGRIA,Mujer,0 a 9,26,3,0.00012431328861242462,1.4343840993741304e-05
628,628,SEGRIA,Mujer,10 a 19,18,3,8.606304596244783e-05,1.4343840993741304e-05
629,629,SEGRIA,Mujer,20 a 29,95,8,0.0004542216314684746,3.8250242649976814e-05
630,630,SEGRIA,Mujer,30 a 39,166,14,0.0007936925349870188,6.693792463745941e-05
631,631,SEGRIA,Mujer,40 a 49,99,17,0.000473346752793463,8.128176563120073e-05
632,632,SEGRIA,Mujer,50 a 59,120,25,0.0005737536397496522,0.00011953200828117754
633,633,SEGRIA,Mujer,60 a 69,201,46,0.0009610373465806674,0.00021993889523736667
634,634,SEGRIA,Mujer,70 a 79,224,46,0.0010710067941993506,0.00021993889523736667
635,635,SEGRIA,Mujer,80 o más,188,9,0.0008988807022744551,4.3031522981223915e-05
636,636,SEGRIA,Hombre,0 a 9,28,4,0.00013387584927491882,1.9125121324988407e-05
637,637,SEGRIA,Hombre,10 a 19,30,7,0.00014343840993741305,3.3468962318729706e-05
638,638,SEGRIA,Hombre,20 a 29,22,3,0.00010518816728743623,1.4343840993741304e-05
639,639,SEGRIA,Hombre,30 a 39,48,12,0.00022950145589986087,5.737536397496522e-05
640,640,SEGRIA,Hombre,40 a 49,167,45,0.0007984738153182659,0.00021515761490611957
641,641,SEGRIA,Hombre,50 a 59,243,59,0.0011618511204930456,0.000282095539543579
642,642,SEGRIA,Hombre,60 a 69,336,101,0.0016065101912990261,0.0004829093134559572
643,643,SEGRIA,Hombre,70 a 79,356,65,0.001702135797923968,0.0003107832215310616
644,644,SEGRIA,Hombre,80 o más,241,17,0.0011522885598305515,8.128176563120073e-05
645,645,SEGRIA,Residencia,Residencia,381,19,0.0018216678062051455,9.084432629369493e-05
646,646,SELVA,Mujer,0 a 9,11,2,6.323765284828137e-05,1.1497755063323885e-05
647,647,SELVA,Mujer,10 a 19,4,0,2.299551012664777e-05,0.0
648,648,SELVA,Mujer,20 a 29,70,1,0.000402421427216336,5.748877531661943e-06
649,649,SELVA,Mujer,30 a 39,83,7,0.00047715683512794126,4.02421427216336e-05
650,650,SELVA,Mujer,40 a 49,84,18,0.0004829057126596032,0.00010347979556991498
651,651,SELVA,Mujer,50 a 59,85,21,0.0004886545901912652,0.0001207264281649008
652,652,SELVA,Mujer,60 a 69,106,25,0.000609381018356166,0.00014372193829154857
653,653,SELVA,Mujer,70 a 79,151,26,0.0008680805072809534,0.00014947081582321052
654,654,SELVA,Mujer,80 o más,166,9,0.0009543136702558825,5.173989778495749e-05
655,655,SELVA,Hombre,0 a 9,23,4,0.00013222418322822468,2.299551012664777e-05
656,656,SELVA,Hombre,10 a 19,9,2,5.173989778495749e-05,1.1497755063323885e-05
657,657,SELVA,Hombre,20 a 29,28,4,0.0001609685708865344,2.299551012664777e-05
658,658,SELVA,Hombre,30 a 39,44,12,0.00025295061139312547,6.898653037994331e-05
659,659,SELVA,Hombre,40 a 49,83,16,0.00047715683512794126,9.198204050659108e-05
660,660,SELVA,Hombre,50 a 59,204,49,0.0011727710164590364,0.0002816949990514352
661,661,SELVA,Hombre,60 a 69,255,66,0.0014659637705737956,0.00037942591708968823
662,662,SELVA,Hombre,70 a 79,252,63,0.0014487171379788096,0.0003621792844947024
663,663,SELVA,Hombre,80 o más,179,16,0.0010290490781674879,9.198204050659108e-05
664,664,SELVA,Residencia,Residencia,137,7,0.0007875962218376862,4.02421427216336e-05
665,665,SOLSONES,Mujer,0 a 9,0,0,0.0,0.0
666,666,SOLSONES,Mujer,10 a 19,2,0,0.00014345144168698896,0.0
667,667,SOLSONES,Mujer,20 a 29,9,0,0.0006455314875914503,0.0
668,668,SOLSONES,Mujer,30 a 39,3,0,0.00021517716253048342,0.0
669,669,SOLSONES,Mujer,40 a 49,16,0,0.0011476115334959117,0.0
670,670,SOLSONES,Mujer,50 a 59,18,0,0.0012910629751829005,0.0
671,671,SOLSONES,Mujer,60 a 69,20,3,0.0014345144168698895,0.00021517716253048342
672,672,SOLSONES,Mujer,70 a 79,22,1,0.0015779658585568786,7.172572084349448e-05
673,673,SOLSONES,Mujer,80 o más,34,1,0.0024386745086788122,7.172572084349448e-05
674,674,SOLSONES,Hombre,0 a 9,1,0,7.172572084349448e-05,0.0
675,675,SOLSONES,Hombre,10 a 19,1,0,7.172572084349448e-05,0.0
676,676,SOLSONES,Hombre,20 a 29,2,0,0.00014345144168698896,0.0
677,677,SOLSONES,Hombre,30 a 39,6,0,0.00043035432506096684,0.0
678,678,SOLSONES,Hombre,40 a 49,16,1,0.0011476115334959117,7.172572084349448e-05
679,679,SOLSONES,Hombre,50 a 59,46,4,0.003299383158800746,0.00028690288337397793
680,680,SOLSONES,Hombre,60 a 69,32,4,0.0022952230669918234,0.00028690288337397793
681,681,SOLSONES,Hombre,70 a 79,49,5,0.0035145603213312293,0.0003586286042174724
682,682,SOLSONES,Hombre,80 o más,37,1,0.0026538516712092956,7.172572084349448e-05
683,683,SOLSONES,Residencia,Residencia,28,1,0.0020083201836178454,7.172572084349448e-05
684,684,TARRAGONES,Mujer,0 a 9,34,10,0.00012874203881951124,3.7865305535150366e-05
685,685,TARRAGONES,Mujer,10 a 19,34,3,0.00012874203881951124,1.135959166054511e-05
686,686,TARRAGONES,Mujer,20 a 29,91,4,0.0003445742803698683,1.5146122214060144e-05
687,687,TARRAGONES,Mujer,30 a 39,177,21,0.0006702159079721615,7.951714162381576e-05
688,688,TARRAGONES,Mujer,40 a 49,155,17,0.0005869122357948306,6.437101940975562e-05
689,689,TARRAGONES,Mujer,50 a 59,137,19,0.00051875468583156,7.194408051678569e-05
690,690,TARRAGONES,Mujer,60 a 69,192,25,0.000727013866274887,9.46632638378759e-05
691,691,TARRAGONES,Mujer,70 a 79,215,41,0.0008141040690057328,0.0001552477526941165
692,692,TARRAGONES,Mujer,80 o más,187,7,0.0007080812135073118,2.6505713874605254e-05
693,693,TARRAGONES,Hombre,0 a 9,47,1,0.00017796693601520672,3.786530553515036e-06
694,694,TARRAGONES,Hombre,10 a 19,24,0,9.087673328436087e-05,0.0
695,695,TARRAGONES,Hombre,20 a 29,52,8,0.0001968995887827819,3.029224442812029e-05
696,696,TARRAGONES,Hombre,30 a 39,92,9,0.0003483608109233833,3.4078774981635324e-05
697,697,TARRAGONES,Hombre,40 a 49,167,39,0.000632350602437011,0.0001476746915870864
698,698,TARRAGONES,Hombre,50 a 59,268,74,0.0010147901883420297,0.0002802032609601127
699,699,TARRAGONES,Hombre,60 a 69,327,73,0.0012381954909994168,0.00027641673040659765
700,700,TARRAGONES,Hombre,70 a 79,352,85,0.0013328587548372928,0.0003218550970487781
701,701,TARRAGONES,Hombre,80 o más,237,13,0.0008974077411830636,4.922489719569547e-05
702,702,TARRAGONES,Residencia,Residencia,137,5,0.00051875468583156,1.8932652767575183e-05
703,703,TERRA ALTA,Mujer,0 a 9,0,0,0.0,0.0
704,704,TERRA ALTA,Mujer,10 a 19,0,0,0.0,0.0
705,705,TERRA ALTA,Mujer,20 a 29,1,0,8.854258898530193e-05,0.0
706,706,TERRA ALTA,Mujer,30 a 39,3,0,0.0002656277669559058,0.0
707,707,TERRA ALTA,Mujer,40 a 49,3,1,0.0002656277669559058,8.854258898530193e-05
708,708,TERRA ALTA,Mujer,50 a 59,8,4,0.0007083407118824154,0.0003541703559412077
709,709,TERRA ALTA,Mujer,60 a 69,7,3,0.0006197981228971136,0.0002656277669559058
710,710,TERRA ALTA,Mujer,70 a 79,8,1,0.0007083407118824154,8.854258898530193e-05
711,711,TERRA ALTA,Mujer,80 o más,7,0,0.0006197981228971136,0.0
712,712,TERRA ALTA,Hombre,0 a 9,2,0,0.00017708517797060386,0.0
713,713,TERRA ALTA,Hombre,10 a 19,2,0,0.00017708517797060386,0.0
714,714,TERRA ALTA,Hombre,20 a 29,2,1,0.00017708517797060386,8.854258898530193e-05
715,715,TERRA ALTA,Hombre,30 a 39,3,0,0.0002656277669559058,0.0
716,716,TERRA ALTA,Hombre,40 a 49,1,1,8.854258898530193e-05,8.854258898530193e-05
717,717,TERRA ALTA,Hombre,50 a 59,8,3,0.0007083407118824154,0.0002656277669559058
718,718,TERRA ALTA,Hombre,60 a 69,14,5,0.0012395962457942271,0.00044271294492650965
719,719,TERRA ALTA,Hombre,70 a 79,19,7,0.0016823091907207366,0.0006197981228971136
720,720,TERRA ALTA,Hombre,80 o más,16,0,0.0014166814237648309,0.0
721,721,TERRA ALTA,Residencia,Residencia,10,0,0.0008854258898530193,0.0
722,722,URGELL,Mujer,0 a 9,1,0,2.676229727559814e-05,0.0
723,723,URGELL,Mujer,10 a 19,3,0,8.028689182679442e-05,0.0
724,724,URGELL,Mujer,20 a 29,11,1,0.0002943852700315795,2.676229727559814e-05
725,725,URGELL,Mujer,30 a 39,28,1,0.0007493443237167478,2.676229727559814e-05
726,726,URGELL,Mujer,40 a 49,13,3,0.0003479098645827758,8.028689182679442e-05
727,727,URGELL,Mujer,50 a 59,35,10,0.0009366804046459348,0.00026762297275598136
728,728,URGELL,Mujer,60 a 69,45,16,0.0012043033774019162,0.0004281967564095702
729,729,URGELL,Mujer,70 a 79,40,10,0.0010704918910239255,0.00026762297275598136
730,730,URGELL,Mujer,80 o más,39,2,0.0010437295937483274,5.352459455119628e-05
731,731,URGELL,Hombre,0 a 9,2,1,5.352459455119628e-05,2.676229727559814e-05
732,732,URGELL,Hombre,10 a 19,2,0,5.352459455119628e-05,0.0
733,733,URGELL,Hombre,20 a 29,5,2,0.00013381148637799068,5.352459455119628e-05
734,734,URGELL,Hombre,30 a 39,11,4,0.0002943852700315795,0.00010704918910239256
735,735,URGELL,Hombre,40 a 49,17,4,0.00045495905368516835,0.00010704918910239256
736,736,URGELL,Hombre,50 a 59,38,16,0.0010169672964727293,0.0004281967564095702
737,737,URGELL,Hombre,60 a 69,79,25,0.002114221484772253,0.0006690574318899534
738,738,URGELL,Hombre,70 a 79,75,17,0.0020071722956698603,0.00045495905368516835
739,739,URGELL,Hombre,80 o más,44,3,0.001177541080126318,8.028689182679442e-05
740,740,URGELL,Residencia,Residencia,92,5,0.0024621313493550286,0.00013381148637799068
741,741,VALL D'ARAN,Mujer,0 a 9,3,0,0.0002942907592701589,0.0
742,742,VALL D'ARAN,Mujer,10 a 19,0,0,0.0,0.0
743,743,VALL D'ARAN,Mujer,20 a 29,1,0,9.809691975671964e-05,0.0
744,744,VALL D'ARAN,Mujer,30 a 39,3,0,0.0002942907592701589,0.0
745,745,VALL D'ARAN,Mujer,40 a 49,5,2,0.0004904845987835982,0.00019619383951343929
746,746,VALL D'ARAN,Mujer,50 a 59,4,0,0.00039238767902687857,0.0
747,747,VALL D'ARAN,Mujer,60 a 69,7,0,0.0006866784382970375,0.0
748,748,VALL D'ARAN,Mujer,70 a 79,10,1,0.0009809691975671965,9.809691975671964e-05
749,749,VALL D'ARAN,Mujer,80 o más,8,0,0.0007847753580537571,0.0
750,750,VALL D'ARAN,Hombre,0 a 9,0,0,0.0,0.0
751,751,VALL D'ARAN,Hombre,10 a 19,0,0,0.0,0.0
752,752,VALL D'ARAN,Hombre,20 a 29,1,0,9.809691975671964e-05,0.0
753,753,VALL D'ARAN,Hombre,30 a 39,2,0,0.00019619383951343929,0.0
754,754,VALL D'ARAN,Hombre,40 a 49,2,1,0.00019619383951343929,9.809691975671964e-05
755,755,VALL D'ARAN,Hombre,50 a 59,7,2,0.0006866784382970375,0.00019619383951343929
756,756,VALL D'ARAN,Hombre,60 a 69,9,1,0.0008828722778104767,9.809691975671964e-05
757,757,VALL D'ARAN,Hombre,70 a 79,9,3,0.0008828722778104767,0.0002942907592701589
758,758,VALL D'ARAN,Hombre,80 o más,7,0,0.0006866784382970375,0.0
759,759,VALL D'ARAN,Residencia,Residencia,3,0,0.0002942907592701589,0.0
760,760,VALLES OCCIDENTAL,Mujer,0 a 9,93,5,9.883428678309275e-05,5.313671332424341e-06
761,761,VALLES OCCIDENTAL,Mujer,10 a 19,111,9,0.00011796350357982038,9.564608398363815e-06
762,762,VALLES OCCIDENTAL,Mujer,20 a 29,275,13,0.00029225192328333877,1.3815545464303287e-05
763,763,VALLES OCCIDENTAL,Mujer,30 a 39,567,51,0.0006025703290969203,5.419944759072828e-05
764,764,VALLES OCCIDENTAL,Mujer,40 a 49,691,73,0.000734349378141044,7.757960145339539e-05
765,765,VALLES OCCIDENTAL,Mujer,50 a 59,826,122,0.0008778185041165012,0.00012965358051115393
766,766,VALLES OCCIDENTAL,Mujer,60 a 69,1021,145,0.0010850516860810505,0.0001540964686403059
767,767,VALLES OCCIDENTAL,Mujer,70 a 79,1025,140,0.00108930262314699,0.00014878279730788155
768,768,VALLES OCCIDENTAL,Mujer,80 o más,990,84,0.0010521069238200195,8.926967838472893e-05
769,769,VALLES OCCIDENTAL,Hombre,0 a 9,120,5,0.0001275281119781842,5.313671332424341e-06
770,770,VALLES OCCIDENTAL,Hombre,10 a 19,114,6,0.00012115170637927498,6.376405598909209e-06
771,771,VALLES OCCIDENTAL,Hombre,20 a 29,185,17,0.00019660583929970063,1.8066482530242762e-05
772,772,VALLES OCCIDENTAL,Hombre,30 a 39,329,44,0.00034963957367352167,4.67603077253342e-05
773,773,VALLES OCCIDENTAL,Hombre,40 a 49,859,136,0.0009128887349105019,0.0001445318602419421
774,774,VALLES OCCIDENTAL,Hombre,50 a 59,1171,228,0.0012444618260537808,0.00024230341275854997
775,775,VALLES OCCIDENTAL,Hombre,60 a 69,1403,311,0.0014910161758782702,0.000330510356876794
776,776,VALLES OCCIDENTAL,Hombre,70 a 79,1476,321,0.0015685957773316655,0.0003411376995416427
777,777,VALLES OCCIDENTAL,Hombre,80 o más,1146,124,0.001217893469391659,0.00013177904904412366
778,778,VALLES OCCIDENTAL,Residencia,Residencia,988,35,0.0010499814552870498,3.719569932697039e-05
779,779,VALLES ORIENTAL,Mujer,0 a 9,88,2,0.0002108971516901729,4.793117083867566e-06
780,780,VALLES ORIENTAL,Mujer,10 a 19,135,4,0.0003235354031610607,9.586234167735132e-06
781,781,VALLES ORIENTAL,Mujer,20 a 29,302,7,0.0007237606796640025,1.6775909793536482e-05
782,782,VALLES ORIENTAL,Mujer,30 a 39,400,18,0.0009586234167735132,4.313805375480809e-05
783,783,VALLES ORIENTAL,Mujer,40 a 49,413,37,0.0009897786778186525,8.867266605154998e-05
784,784,VALLES ORIENTAL,Mujer,50 a 59,419,55,0.001004158029070255,0.00013181071980635807
785,785,VALLES ORIENTAL,Mujer,60 a 69,561,80,0.0013444693420248523,0.00019172468335470265
786,786,VALLES ORIENTAL,Mujer,70 a 79,588,79,0.0014091764226570646,0.00018932812481276887
787,787,VALLES ORIENTAL,Mujer,80 o más,570,29,0.0013660383689022564,6.950019771607971e-05
788,788,VALLES ORIENTAL,Hombre,0 a 9,125,4,0.0002995698177417229,9.586234167735132e-06
789,789,VALLES ORIENTAL,Hombre,10 a 19,102,3,0.0002444489712772459,7.189675625801349e-06
790,790,VALLES ORIENTAL,Hombre,20 a 29,167,14,0.0004002252765029418,3.3551819587072964e-05
791,791,VALLES ORIENTAL,Hombre,30 a 39,156,15,0.0003738631325416702,3.5948378129006746e-05
792,792,VALLES ORIENTAL,Hombre,40 a 49,377,65,0.0009035025703090363,0.0001557763052256959
793,793,VALLES ORIENTAL,Hombre,50 a 59,640,154,0.0015337974668376212,0.0003690700154578026
794,794,VALLES ORIENTAL,Hombre,60 a 69,751,158,0.001799815464992271,0.00037865624962553774
795,795,VALLES ORIENTAL,Hombre,70 a 79,925,174,0.0022168166512887494,0.00041700118629647826
796,796,VALLES ORIENTAL,Hombre,80 o más,770,47,0.001845350077289013,0.0001126382514708878
797,797,VALLES ORIENTAL,Residencia,Residencia,1134,42,0.00271769738655291,0.00010065545876121889
