,index,Comarca,GÈnero,Edad,PCR,Tasa (PCR/poblaciÛn)
0,0,ALT CAMP,Mujer,0 a 9,4428,0.09800146072637939
1,1,ALT CAMP,Mujer,10 a 19,6647,0.14711285217891684
2,2,ALT CAMP,Mujer,20 a 29,9207,0.2037713299249718
3,3,ALT CAMP,Mujer,30 a 39,8941,0.19788415997167075
4,4,ALT CAMP,Mujer,40 a 49,10894,0.2411083814709072
5,5,ALT CAMP,Mujer,50 a 59,9475,0.2097027643140119
6,6,ALT CAMP,Mujer,60 a 69,5740,0.12703893057123256
7,7,ALT CAMP,Mujer,70 a 79,3212,0.0710886837970033
8,8,ALT CAMP,Mujer,80 o m√©s,1776,0.03930681893632561
9,9,ALT CAMP,Hombre,0 a 9,4663,0.10320253192572428
10,10,ALT CAMP,Hombre,10 a 19,6590,0.14585131576035235
11,11,ALT CAMP,Hombre,20 a 29,4945,0.10944381736493813
12,12,ALT CAMP,Hombre,30 a 39,4720,0.10446406834428879
13,13,ALT CAMP,Hombre,40 a 49,5336,0.11809751455193325
14,14,ALT CAMP,Hombre,50 a 59,5368,0.11880574552375893
15,15,ALT CAMP,Hombre,60 a 69,4370,0.09671779208994534
16,16,ALT CAMP,Hombre,70 a 79,3376,0.07471836752760994
17,17,ALT CAMP,Hombre,80 o m√©s,1756,0.038864174578934554
18,18,ALT CAMP,Residencia,Residencia,9962,0.22048115441648408
19,19,ALT EMPORDA,Mujer,0 a 9,13626,0.09634311895469201
20,20,ALT EMPORDA,Mujer,10 a 19,24766,0.17510888624922225
21,21,ALT EMPORDA,Mujer,20 a 29,20747,0.14669240341648282
22,22,ALT EMPORDA,Mujer,30 a 39,23816,0.16839187736862946
23,23,ALT EMPORDA,Mujer,40 a 49,29912,0.21149386277504384
24,24,ALT EMPORDA,Mujer,50 a 59,25087,0.17737852819729621
25,25,ALT EMPORDA,Mujer,60 a 69,16227,0.11473358221618869
26,26,ALT EMPORDA,Mujer,70 a 79,9622,0.06803269415690932
27,27,ALT EMPORDA,Mujer,80 o m√©s,6649,0.04701199162848577
28,28,ALT EMPORDA,Hombre,0 a 9,15060,0.10648226709655524
29,29,ALT EMPORDA,Hombre,10 a 19,24029,0.169897901465015
30,30,ALT EMPORDA,Hombre,20 a 29,13566,0.0959188868148651
31,31,ALT EMPORDA,Hombre,30 a 39,13640,0.09644210645398496
32,32,ALT EMPORDA,Hombre,40 a 49,17314,0.1224192544827196
33,33,ALT EMPORDA,Hombre,50 a 59,15320,0.10832060636913853
34,34,ALT EMPORDA,Hombre,60 a 69,13177,0.09316844844165394
35,35,ALT EMPORDA,Hombre,70 a 79,10426,0.07371740483058997
36,36,ALT EMPORDA,Hombre,80 o m√©s,5779,0.04086062560099553
37,37,ALT EMPORDA,Residencia,Residencia,18556,0.13120085977713672
38,38,ALT PENEDES,Mujer,0 a 9,10311,0.09270731246796918
39,39,ALT PENEDES,Mujer,10 a 19,19673,0.17688206363906098
40,40,ALT PENEDES,Mujer,20 a 29,20744,0.1865115400868541
41,41,ALT PENEDES,Mujer,30 a 39,20040,0.1801818001996026
42,42,ALT PENEDES,Mujer,40 a 49,26450,0.23781480116165113
43,43,ALT PENEDES,Mujer,50 a 59,22570,0.2029293029194127
44,44,ALT PENEDES,Mujer,60 a 69,14613,0.13138705819944074
45,45,ALT PENEDES,Mujer,70 a 79,8233,0.07402379047122395
46,46,ALT PENEDES,Mujer,80 o m√©s,4811,0.04325621959881677
47,47,ALT PENEDES,Hombre,0 a 9,11640,0.10465649472671527
48,48,ALT PENEDES,Hombre,10 a 19,20092,0.18064933780491094
49,49,ALT PENEDES,Hombre,20 a 29,12357,0.11110311901529388
50,50,ALT PENEDES,Hombre,30 a 39,11159,0.10033177187761304
51,51,ALT PENEDES,Hombre,40 a 49,16878,0.15175191735373716
52,52,ALT PENEDES,Hombre,50 a 59,14062,0.12643295780473113
53,53,ALT PENEDES,Hombre,60 a 69,11525,0.10362251733036028
54,54,ALT PENEDES,Hombre,70 a 79,8610,0.07741343810970949
55,55,ALT PENEDES,Hombre,80 o m√©s,4350,0.039111318905602356
56,56,ALT PENEDES,Residencia,Residencia,20579,0.18502800730077953
57,57,ALT URGELL,Mujer,0 a 9,2258,0.11157780303404655
58,58,ALT URGELL,Mujer,10 a 19,4010,0.19815189998517566
59,59,ALT URGELL,Mujer,20 a 29,4362,0.21554578247763997
60,60,ALT URGELL,Mujer,30 a 39,4845,0.23941295646587932
61,61,ALT URGELL,Mujer,40 a 49,6529,0.3226268715718733
62,62,ALT URGELL,Mujer,50 a 59,6052,0.29905618421702823
63,63,ALT URGELL,Mujer,60 a 69,4263,0.2106537530266344
64,64,ALT URGELL,Mujer,70 a 79,2169,0.10717991797203143
65,65,ALT URGELL,Mujer,80 o m√©s,1441,0.07120620645352572
66,66,ALT URGELL,Hombre,0 a 9,2363,0.11676631911844641
67,67,ALT URGELL,Hombre,10 a 19,4463,0.22053664080644364
68,68,ALT URGELL,Hombre,20 a 29,2416,0.11938528438009587
69,69,ALT URGELL,Hombre,30 a 39,2551,0.12605623363146712
70,70,ALT URGELL,Hombre,40 a 49,2902,0.14340070168503236
71,71,ALT URGELL,Hombre,50 a 59,2850,0.14083115086228196
72,72,ALT URGELL,Hombre,60 a 69,2587,0.12783515343183277
73,73,ALT URGELL,Hombre,70 a 79,1953,0.09650639916983743
74,74,ALT URGELL,Hombre,80 o m√©s,1018,0.050303898799229134
75,75,ALT URGELL,Residencia,Residencia,4676,0.2310619162919405
76,76,ALTA RIBAGORCA,Mujer,0 a 9,312,0.0781367392937641
77,77,ALTA RIBAGORCA,Mujer,10 a 19,522,0.13072877535687452
78,78,ALTA RIBAGORCA,Mujer,20 a 29,604,0.15126471324818433
79,79,ALTA RIBAGORCA,Mujer,30 a 39,902,0.22589531680440772
80,80,ALTA RIBAGORCA,Mujer,40 a 49,1054,0.263961933383421
81,81,ALTA RIBAGORCA,Mujer,50 a 59,1131,0.2832456799398948
82,82,ALTA RIBAGORCA,Mujer,60 a 69,732,0.18332081141998496
83,83,ALTA RIBAGORCA,Mujer,70 a 79,281,0.07037315301778112
84,84,ALTA RIBAGORCA,Mujer,80 o m√©s,182,0.04557976458802905
85,85,ALTA RIBAGORCA,Hombre,0 a 9,432,0.10818933132982719
86,86,ALTA RIBAGORCA,Hombre,10 a 19,566,0.141748059103431
87,87,ALTA RIBAGORCA,Hombre,20 a 29,385,0.09641873278236915
88,88,ALTA RIBAGORCA,Hombre,30 a 39,428,0.10718757826195843
89,89,ALTA RIBAGORCA,Hombre,40 a 49,692,0.17330328074129728
90,90,ALTA RIBAGORCA,Hombre,50 a 59,534,0.13373403456048083
91,91,ALTA RIBAGORCA,Hombre,60 a 69,491,0.12296518908089156
92,92,ALTA RIBAGORCA,Hombre,70 a 79,286,0.07162534435261708
93,93,ALTA RIBAGORCA,Hombre,80 o m√©s,144,0.03606311044327573
94,94,ALTA RIBAGORCA,Residencia,Residencia,710,0.17781116954670673
95,95,ANOIA,Mujer,0 a 9,12044,0.09597653977639474
96,96,ANOIA,Mujer,10 a 19,22911,0.18257377140625872
97,97,ANOIA,Mujer,20 a 29,21449,0.17092334786315933
98,98,ANOIA,Mujer,30 a 39,22985,0.18316346452677126
99,99,ANOIA,Mujer,40 a 49,30310,0.24153511463156133
100,100,ANOIA,Mujer,50 a 59,25940,0.2067113452175091
101,101,ANOIA,Mujer,60 a 69,16951,0.13507956872713944
102,102,ANOIA,Mujer,70 a 79,9356,0.07455633561507383
103,103,ANOIA,Mujer,80 o m√©s,6300,0.05020360350309589
104,104,ANOIA,Hombre,0 a 9,13001,0.1036027062132936
105,105,ANOIA,Hombre,10 a 19,22611,0.180183123620397
106,106,ANOIA,Hombre,20 a 29,13716,0.10930041676959734
107,107,ANOIA,Hombre,30 a 39,13750,0.109571356851995
108,108,ANOIA,Hombre,40 a 49,18373,0.14641123923212393
109,109,ANOIA,Hombre,50 a 59,15765,0.1256285411470328
110,110,ANOIA,Hombre,60 a 69,12313,0.09812015395771741
111,111,ANOIA,Hombre,70 a 79,10224,0.08147327654216704
112,112,ANOIA,Hombre,80 o m√©s,5472,0.04360541561411757
113,113,ANOIA,Residencia,Residencia,16134,0.12856903792364271
114,114,BAGES,Mujer,0 a 9,19096,0.1061502201271846
115,115,BAGES,Mujer,10 a 19,33526,0.1863632320896518
116,116,BAGES,Mujer,20 a 29,37705,0.20959332058522703
117,117,BAGES,Mujer,30 a 39,40805,0.22682549917730244
118,118,BAGES,Mujer,40 a 49,52806,0.2935362653977854
119,119,BAGES,Mujer,50 a 59,47597,0.26458064659581093
120,120,BAGES,Mujer,60 a 69,31915,0.17740805798906034
121,121,BAGES,Mujer,70 a 79,19302,0.10729532618846445
122,122,BAGES,Mujer,80 o m√©s,13380,0.07437630631031263
123,123,BAGES,Hombre,0 a 9,20711,0.11512762929692712
124,124,BAGES,Hombre,10 a 19,32323,0.17967603504246898
125,125,BAGES,Hombre,20 a 29,23012,0.1279183528260773
126,126,BAGES,Hombre,30 a 39,22617,0.1257226397474096
127,127,BAGES,Hombre,40 a 49,30081,0.167213278783297
128,128,BAGES,Hombre,50 a 59,27029,0.15024792102103438
129,129,BAGES,Hombre,60 a 69,23730,0.13190954773869346
130,130,BAGES,Hombre,70 a 79,18485,0.10275381331435941
131,131,BAGES,Hombre,80 o m√©s,12170,0.06765019789211545
132,132,BAGES,Residencia,Residencia,38100,0.2117890336638947
133,133,BAIX CAMP,Mujer,0 a 9,22786,0.1151238341602417
134,134,BAIX CAMP,Mujer,10 a 19,34835,0.17600012125743966
135,135,BAIX CAMP,Mujer,20 a 29,36078,0.1822802461526025
136,136,BAIX CAMP,Mujer,30 a 39,40506,0.20465224376787283
137,137,BAIX CAMP,Mujer,40 a 49,49067,0.2479057829693926
138,138,BAIX CAMP,Mujer,50 a 59,43812,0.22135545607954488
139,139,BAIX CAMP,Mujer,60 a 69,25166,0.1271485302587836
140,140,BAIX CAMP,Mujer,70 a 79,14243,0.07196123803845882
141,141,BAIX CAMP,Mujer,80 o m√©s,8421,0.04254620413689965
142,142,BAIX CAMP,Hombre,0 a 9,25757,0.13013449471014418
143,143,BAIX CAMP,Hombre,10 a 19,34388,0.17374170144397402
144,144,BAIX CAMP,Hombre,20 a 29,22175,0.1120368218425068
145,145,BAIX CAMP,Hombre,30 a 39,21035,0.1062770934591716
146,146,BAIX CAMP,Hombre,40 a 49,27507,0.13897618301789558
147,147,BAIX CAMP,Hombre,50 a 59,23367,0.11805927467841516
148,148,BAIX CAMP,Hombre,60 a 69,18322,0.0925699503854976
149,149,BAIX CAMP,Hombre,70 a 79,14084,0.07115790750078312
150,150,BAIX CAMP,Hombre,80 o m√©s,7211,0.03643280822125441
151,151,BAIX CAMP,Residencia,Residencia,35739,0.18056748481755808
152,152,BAIX EBRE,Mujer,0 a 9,10107,0.12730181121999143
153,153,BAIX EBRE,Mujer,10 a 19,13168,0.16585636194170844
154,154,BAIX EBRE,Mujer,20 a 29,13824,0.17411895105423583
155,155,BAIX EBRE,Mujer,30 a 39,15989,0.20138801420762273
156,156,BAIX EBRE,Mujer,40 a 49,19455,0.2450437060735068
157,157,BAIX EBRE,Mujer,50 a 59,17963,0.2262513540066
158,158,BAIX EBRE,Mujer,60 a 69,10731,0.13516134720507847
159,159,BAIX EBRE,Mujer,70 a 79,7257,0.0914048920573343
160,160,BAIX EBRE,Mujer,80 o m√©s,4833,0.06087361765372698
161,161,BAIX EBRE,Hombre,0 a 9,10559,0.13299493664508652
162,162,BAIX EBRE,Hombre,10 a 19,13698,0.1725319293649394
163,163,BAIX EBRE,Hombre,20 a 29,9433,0.11881250472327884
164,164,BAIX EBRE,Hombre,30 a 39,9377,0.1181071617502582
165,165,BAIX EBRE,Hombre,40 a 49,11324,0.14263042547295765
166,166,BAIX EBRE,Hombre,50 a 59,9935,0.1251354006599995
167,167,BAIX EBRE,Hombre,60 a 69,7824,0.0985464896591682
168,168,BAIX EBRE,Hombre,70 a 79,7737,0.09745068896893971
169,169,BAIX EBRE,Hombre,80 o m√©s,4646,0.058518275940247375
170,170,BAIX EBRE,Residencia,Residencia,10027,0.12629417840139054
171,171,BAIX EMPORDA,Mujer,0 a 9,11709,0.08564281482456718
172,172,BAIX EMPORDA,Mujer,10 a 19,20706,0.15144932306409498
173,173,BAIX EMPORDA,Mujer,20 a 29,20979,0.15344611941281022
174,174,BAIX EMPORDA,Mujer,30 a 39,25863,0.1891690255194962
175,175,BAIX EMPORDA,Mujer,40 a 49,30301,0.2216297661627133
176,176,BAIX EMPORDA,Mujer,50 a 59,29656,0.2169120605036608
177,177,BAIX EMPORDA,Mujer,60 a 69,17694,0.1294187347771707
178,178,BAIX EMPORDA,Mujer,70 a 79,11183,0.081795507573929
179,179,BAIX EMPORDA,Mujer,80 o m√©s,8204,0.06000629027421207
180,180,BAIX EMPORDA,Hombre,0 a 9,12972,0.09488074078950255
181,181,BAIX EMPORDA,Hombre,10 a 19,20562,0.15039606784719023
182,182,BAIX EMPORDA,Hombre,20 a 29,13280,0.09713353667010438
183,183,BAIX EMPORDA,Hombre,30 a 39,12994,0.09504165478097411
184,184,BAIX EMPORDA,Hombre,40 a 49,17434,0.12751702396887046
185,185,BAIX EMPORDA,Hombre,50 a 59,16317,0.11934698176551906
186,186,BAIX EMPORDA,Hombre,60 a 69,14265,0.10433809492462642
187,187,BAIX EMPORDA,Hombre,70 a 79,12144,0.08882452329230027
188,188,BAIX EMPORDA,Hombre,80 o m√©s,7320,0.05354047352599127
189,189,BAIX EMPORDA,Residencia,Residencia,22079,0.16149181898638815
190,190,BAIX LLOBREGAT,Mujer,0 a 9,88703,0.10701432881845459
191,191,BAIX LLOBREGAT,Mujer,10 a 19,154547,0.18645077929614218
192,192,BAIX LLOBREGAT,Mujer,20 a 29,153428,0.18510077947710732
193,193,BAIX LLOBREGAT,Mujer,30 a 39,165868,0.20010882036074795
194,194,BAIX LLOBREGAT,Mujer,40 a 49,216129,0.26074540740678187
195,195,BAIX LLOBREGAT,Mujer,50 a 59,187444,0.22613884368112014
196,196,BAIX LLOBREGAT,Mujer,60 a 69,107088,0.12919462075139132
197,197,BAIX LLOBREGAT,Mujer,70 a 79,71403,0.08614301794329518
198,198,BAIX LLOBREGAT,Mujer,80 o m√©s,40287,0.048603612787719463
199,199,BAIX LLOBREGAT,Hombre,0 a 9,99238,0.1197241126375184
200,200,BAIX LLOBREGAT,Hombre,10 a 19,155492,0.18759085957227084
201,201,BAIX LLOBREGAT,Hombre,20 a 29,104703,0.12631727529259043
202,202,BAIX LLOBREGAT,Hombre,30 a 39,100182,0.12086298647949242
203,203,BAIX LLOBREGAT,Hombre,40 a 49,133757,0.1613690132213119
204,204,BAIX LLOBREGAT,Hombre,50 a 59,113824,0.13732116121700252
205,205,BAIX LLOBREGAT,Hombre,60 a 69,78342,0.09451446454229698
206,206,BAIX LLOBREGAT,Hombre,70 a 79,67202,0.08107478805967988
207,207,BAIX LLOBREGAT,Hombre,80 o m√©s,36615,0.04417358657190529
208,208,BAIX LLOBREGAT,Residencia,Residencia,172831,0.20850922137946093
209,209,BAIX PENEDES,Mujer,0 a 9,8870,0.07911519422022031
210,210,BAIX PENEDES,Mujer,10 a 19,14839,0.13235517102974625
211,211,BAIX PENEDES,Mujer,20 a 29,15691,0.13995451099317666
212,212,BAIX PENEDES,Mujer,30 a 39,17662,0.15753467421843642
213,213,BAIX PENEDES,Mujer,40 a 49,23331,0.208098827097177
214,214,BAIX PENEDES,Mujer,50 a 59,19696,0.17567676046916114
215,215,BAIX PENEDES,Mujer,60 a 69,10818,0.09649021094411987
216,216,BAIX PENEDES,Mujer,70 a 79,8349,0.0744681799937564
217,217,BAIX PENEDES,Mujer,80 o m√©s,4696,0.04188556392989341
218,218,BAIX PENEDES,Hombre,0 a 9,10034,0.08949739107166749
219,219,BAIX PENEDES,Hombre,10 a 19,14261,0.12719975025643313
220,220,BAIX PENEDES,Hombre,20 a 29,9366,0.08353922311911877
221,221,BAIX PENEDES,Hombre,30 a 39,8910,0.07947197074432502
222,222,BAIX PENEDES,Hombre,40 a 49,13825,0.12331088614369175
223,223,BAIX PENEDES,Hombre,50 a 59,11839,0.1055969317218927
224,224,BAIX PENEDES,Hombre,60 a 69,9284,0.0828078312447041
225,225,BAIX PENEDES,Hombre,70 a 79,8932,0.07966819783258261
226,226,BAIX PENEDES,Hombre,80 o m√©s,4917,0.043856754225571955
227,227,BAIX PENEDES,Residencia,Residencia,12146,0.10833519154439637
228,228,BARCELONES,Mujer,0 a 9,209724,0.09246861629518847
229,229,BARCELONES,Mujer,10 a 19,330737,0.14582400081832195
230,230,BARCELONES,Mujer,20 a 29,427839,0.18863687669087537
231,231,BARCELONES,Mujer,30 a 39,524858,0.2314131573470849
232,232,BARCELONES,Mujer,40 a 49,543553,0.23965589914887464
233,233,BARCELONES,Mujer,50 a 59,472025,0.2081187589724416
234,234,BARCELONES,Mujer,60 a 69,314556,0.1386896972561524
235,235,BARCELONES,Mujer,70 a 79,211018,0.09303914894517595
236,236,BARCELONES,Mujer,80 o m√©s,144020,0.0634993139499201
237,237,BARCELONES,Hombre,0 a 9,230692,0.10171353793733488
238,238,BARCELONES,Hombre,10 a 19,336754,0.14847693355014163
239,239,BARCELONES,Hombre,20 a 29,295753,0.13039933758249356
240,240,BARCELONES,Hombre,30 a 39,347707,0.1533061793888687
241,241,BARCELONES,Hombre,40 a 49,356486,0.15717689510311914
242,242,BARCELONES,Hombre,50 a 59,288723,0.12729976684879032
243,243,BARCELONES,Hombre,60 a 69,220828,0.09736443897328814
244,244,BARCELONES,Hombre,70 a 79,185319,0.08170829997142928
245,245,BARCELONES,Hombre,80 o m√©s,118094,0.05206837926400407
246,246,BARCELONES,Residencia,Residencia,300683,0.1325730052520749
247,247,BERGUEDA,Mujer,0 a 9,3470,0.08616194472723661
248,248,BERGUEDA,Mujer,10 a 19,6565,0.16301244009634247
249,249,BERGUEDA,Mujer,20 a 29,8362,0.20763290542050505
250,250,BERGUEDA,Mujer,30 a 39,10143,0.25185608223872075
251,251,BERGUEDA,Mujer,40 a 49,11934,0.2963275643731532
252,252,BERGUEDA,Mujer,50 a 59,10949,0.2718694907257964
253,253,BERGUEDA,Mujer,60 a 69,7608,0.1889106845777568
254,254,BERGUEDA,Mujer,70 a 79,4000,0.09932212648672809
255,255,BERGUEDA,Mujer,80 o m√©s,2669,0.06627268889826932
256,256,BERGUEDA,Hombre,0 a 9,3836,0.09524991930077223
257,257,BERGUEDA,Hombre,10 a 19,6715,0.16673701983959477
258,258,BERGUEDA,Hombre,20 a 29,5092,0.12643706701760485
259,259,BERGUEDA,Hombre,30 a 39,5207,0.12929257815409828
260,260,BERGUEDA,Hombre,40 a 49,6410,0.15916370769498175
261,261,BERGUEDA,Hombre,50 a 59,5285,0.1312293596205895
262,262,BERGUEDA,Hombre,60 a 69,5417,0.1345069897946515
263,263,BERGUEDA,Hombre,70 a 79,4185,0.10391577483673925
264,264,BERGUEDA,Hombre,80 o m√©s,2198,0.05457750850445708
265,265,BERGUEDA,Residencia,Residencia,11011,0.2734089836863407
266,266,CERDANYA,Mujer,0 a 9,1746,0.09030256012412723
267,267,CERDANYA,Mujer,10 a 19,3177,0.16431342125678822
268,268,CERDANYA,Mujer,20 a 29,3260,0.16860615464184123
269,269,CERDANYA,Mujer,30 a 39,4303,0.22254978019136282
270,270,CERDANYA,Mujer,40 a 49,5853,0.3027152831652444
271,271,CERDANYA,Mujer,50 a 59,4526,0.23408326868373416
272,272,CERDANYA,Mujer,60 a 69,3059,0.15821049909490562
273,273,CERDANYA,Mujer,70 a 79,1106,0.05720196534781485
274,274,CERDANYA,Mujer,80 o m√©s,692,0.03579001810188777
275,275,CERDANYA,Hombre,0 a 9,1928,0.09971554176364107
276,276,CERDANYA,Hombre,10 a 19,3299,0.17062322213602277
277,277,CERDANYA,Hombre,20 a 29,2184,0.11295577967416602
278,278,CERDANYA,Hombre,30 a 39,1928,0.09971554176364107
279,279,CERDANYA,Hombre,40 a 49,2951,0.1526247737264029
280,280,CERDANYA,Hombre,50 a 59,2689,0.13907421773985001
281,281,CERDANYA,Hombre,60 a 69,2242,0.11595552107576933
282,282,CERDANYA,Hombre,70 a 79,1323,0.06842513576415826
283,283,CERDANYA,Hombre,80 o m√©s,504,0.026066718386346003
284,284,CERDANYA,Residencia,Residencia,4126,0.21339539694853893
285,285,CONCA DE BARBERA,Mujer,0 a 9,1955,0.09767674244316762
286,286,CONCA DE BARBERA,Mujer,10 a 19,3160,0.1578815888083937
287,287,CONCA DE BARBERA,Mujer,20 a 29,4419,0.22078441169123159
288,288,CONCA DE BARBERA,Mujer,30 a 39,5882,0.29387959030726957
289,289,CONCA DE BARBERA,Mujer,40 a 49,6148,0.3071696227829128
290,290,CONCA DE BARBERA,Mujer,50 a 59,6314,0.3154634024481639
291,291,CONCA DE BARBERA,Mujer,60 a 69,4170,0.208343742193355
292,292,CONCA DE BARBERA,Mujer,70 a 79,1515,0.07569323007744191
293,293,CONCA DE BARBERA,Mujer,80 o m√©s,924,0.04616537596802398
294,294,CONCA DE BARBERA,Hombre,0 a 9,2361,0.11796152885335998
295,295,CONCA DE BARBERA,Hombre,10 a 19,2844,0.14209342992755433
296,296,CONCA DE BARBERA,Hombre,20 a 29,2481,0.12395703222583063
297,297,CONCA DE BARBERA,Hombre,30 a 39,2190,0.10941793654758931
298,298,CONCA DE BARBERA,Hombre,40 a 49,2985,0.14913814639020734
299,299,CONCA DE BARBERA,Hombre,50 a 59,2705,0.13514863852110917
300,300,CONCA DE BARBERA,Hombre,60 a 69,2094,0.10462153384961279
301,301,CONCA DE BARBERA,Hombre,70 a 79,1441,0.07199600299775169
302,302,CONCA DE BARBERA,Hombre,80 o m√©s,914,0.04566575068698476
303,303,CONCA DE BARBERA,Residencia,Residencia,6355,0.3175118661004247
304,304,GARRAF,Mujer,0 a 9,13134,0.08509783594661138
305,305,GARRAF,Mujer,10 a 19,21656,0.1403135933652974
306,306,GARRAF,Mujer,20 a 29,22005,0.14257483478035507
307,307,GARRAF,Mujer,30 a 39,26456,0.1714137618245432
308,308,GARRAF,Mujer,40 a 49,35982,0.23313463781262148
309,309,GARRAF,Mujer,50 a 59,32853,0.21286121549825063
310,310,GARRAF,Mujer,60 a 69,18784,0.12170532590384865
311,311,GARRAF,Mujer,70 a 79,9952,0.06448101593883633
312,312,GARRAF,Mujer,80 o m√©s,6125,0.03968511079435014
313,313,GARRAF,Hombre,0 a 9,14260,0.09239341713100946
314,314,GARRAF,Hombre,10 a 19,21435,0.1388816897758196
315,315,GARRAF,Hombre,20 a 29,14004,0.09073474147984968
316,316,GARRAF,Hombre,30 a 39,14744,0.09552935078398342
317,317,GARRAF,Hombre,40 a 49,21394,0.13861604250356357
318,318,GARRAF,Hombre,50 a 59,19277,0.12489957237268369
319,319,GARRAF,Hombre,60 a 69,13850,0.08973694440844888
320,320,GARRAF,Hombre,70 a 79,10491,0.06797330568873915
321,321,GARRAF,Hombre,80 o m√©s,5561,0.03603084100038875
322,322,GARRAF,Residencia,Residencia,28316,0.18346507710250098
323,323,GARRIGUES,Mujer,0 a 9,1714,0.0901535872080791
324,324,GARRIGUES,Mujer,10 a 19,3004,0.15800547022932884
325,325,GARRIGUES,Mujer,20 a 29,3032,0.15947822427940248
326,326,GARRIGUES,Mujer,30 a 39,3667,0.19287818220071534
327,327,GARRIGUES,Mujer,40 a 49,4305,0.2264359351988218
328,328,GARRIGUES,Mujer,50 a 59,4160,0.2188091731537976
329,329,GARRIGUES,Mujer,60 a 69,2944,0.15484956869345676
330,330,GARRIGUES,Mujer,70 a 79,1538,0.08089627603618767
331,331,GARRIGUES,Mujer,80 o m√©s,1065,0.05601725226172943
332,332,GARRIGUES,Hombre,0 a 9,1802,0.09478224279402482
333,333,GARRIGUES,Hombre,10 a 19,3403,0.1789922154428782
334,334,GARRIGUES,Hombre,20 a 29,2380,0.1251840942562592
335,335,GARRIGUES,Hombre,30 a 39,2241,0.11787292236482222
336,336,GARRIGUES,Hombre,40 a 49,2413,0.12691984010098886
337,337,GARRIGUES,Hombre,50 a 59,2321,0.12208079107931832
338,338,GARRIGUES,Hombre,60 a 69,1878,0.09877971807279613
339,339,GARRIGUES,Hombre,70 a 79,1753,0.09220492320639596
340,340,GARRIGUES,Hombre,80 o m√©s,1007,0.05296654744371976
341,341,GARRIGUES,Residencia,Residencia,4833,0.25420786871449613
342,342,GARROTXA,Mujer,0 a 9,6334,0.10787519585802847
343,343,GARROTXA,Mujer,10 a 19,12950,0.22055317119694803
344,344,GARROTXA,Mujer,20 a 29,12551,0.2137577491654745
345,345,GARROTXA,Mujer,30 a 39,13695,0.23324136521561414
346,346,GARROTXA,Mujer,40 a 49,17535,0.2986409155937053
347,347,GARROTXA,Mujer,50 a 59,15419,0.2626030383541113
348,348,GARROTXA,Mujer,60 a 69,9257,0.15765719735676817
349,349,GARROTXA,Mujer,70 a 79,4541,0.07733837454867498
350,350,GARROTXA,Mujer,80 o m√©s,3095,0.05271135635942503
351,351,GARROTXA,Hombre,0 a 9,6876,0.11710606989576947
352,352,GARROTXA,Hombre,10 a 19,12032,0.2049185911846856
353,353,GARROTXA,Hombre,20 a 29,8849,0.15070849512909598
354,354,GARROTXA,Hombre,30 a 39,7531,0.12826146195244909
355,355,GARROTXA,Hombre,40 a 49,9484,0.16152326452755636
356,356,GARROTXA,Hombre,50 a 59,8373,0.14260167586347844
357,357,GARROTXA,Hombre,60 a 69,6824,0.11622045098439948
358,358,GARROTXA,Hombre,70 a 79,4545,0.07740649908031882
359,359,GARROTXA,Hombre,80 o m√©s,2617,0.04457047482798556
360,360,GARROTXA,Residencia,Residencia,11899,0.20265345050752775
361,361,GIRONES,Mujer,0 a 9,26863,0.13941262254329562
362,362,GIRONES,Mujer,10 a 19,41082,0.21320587273661432
363,363,GIRONES,Mujer,20 a 29,41428,0.21500153098029448
364,364,GIRONES,Mujer,30 a 39,47581,0.24693414708828307
365,365,GIRONES,Mujer,40 a 49,54831,0.2845599339862056
366,366,GIRONES,Mujer,50 a 59,44655,0.23174889847265254
367,367,GIRONES,Mujer,60 a 69,28469,0.1477473830616492
368,368,GIRONES,Mujer,70 a 79,13765,0.07143709746895224
369,369,GIRONES,Mujer,80 o m√©s,7686,0.039888523875507946
370,370,GIRONES,Hombre,0 a 9,30167,0.15655960184132817
371,371,GIRONES,Hombre,10 a 19,41947,0.21769501834581473
372,372,GIRONES,Hombre,20 a 29,28553,0.1481833232132941
373,373,GIRONES,Hombre,30 a 39,27764,0.1440885996460581
374,374,GIRONES,Hombre,40 a 49,33401,0.17334329767965664
375,375,GIRONES,Hombre,50 a 59,26148,0.13570194149060394
376,376,GIRONES,Hombre,60 a 69,19778,0.10264314665753269
377,377,GIRONES,Hombre,70 a 79,13542,0.07027978016160924
378,378,GIRONES,Hombre,80 o m√©s,6984,0.03624530975104703
379,379,GIRONES,Residencia,Residencia,29586,0.1535443491257843
380,380,MARESME,Mujer,0 a 9,49327,0.10779902225388618
381,381,MARESME,Mujer,10 a 19,88419,0.1932305177421364
382,382,MARESME,Mujer,20 a 29,92761,0.20271950662502758
383,383,MARESME,Mujer,30 a 39,100688,0.2200431397145436
384,384,MARESME,Mujer,40 a 49,138732,0.3031843403273286
385,385,MARESME,Mujer,50 a 59,132410,0.2893682676148371
386,386,MARESME,Mujer,60 a 69,76330,0.1668112670269656
387,387,MARESME,Mujer,70 a 79,40764,0.0890854773888016
388,388,MARESME,Mujer,80 o m√©s,25270,0.055224953724242375
389,389,MARESME,Hombre,0 a 9,54538,0.11918712015087973
390,390,MARESME,Hombre,10 a 19,90104,0.19691290978904374
391,391,MARESME,Hombre,20 a 29,59889,0.13088117347016825
392,392,MARESME,Hombre,30 a 39,54971,0.1201333965641206
393,393,MARESME,Hombre,40 a 49,75850,0.16576227700766855
394,394,MARESME,Hombre,50 a 59,67884,0.14835341347908468
395,395,MARESME,Hombre,60 a 69,51310,0.1121326622711071
396,396,MARESME,Hombre,70 a 79,41520,0.09073763666919445
397,397,MARESME,Hombre,80 o m√©s,23073,0.05042363899008486
398,398,MARESME,Residencia,Residencia,126701,0.27689184257282284
399,399,MOIANES,Mujer,0 a 9,1276,0.08951245177130832
400,400,MOIANES,Mujer,10 a 19,2805,0.19677306208347947
401,401,MOIANES,Mujer,20 a 29,2907,0.20392844615924238
402,402,MOIANES,Mujer,30 a 39,3290,0.2307962118554893
403,403,MOIANES,Mujer,40 a 49,5006,0.3511750263065591
404,404,MOIANES,Mujer,50 a 59,4850,0.3402314977200982
405,405,MOIANES,Mujer,60 a 69,2603,0.18260259558049807
406,406,MOIANES,Mujer,70 a 79,1173,0.08228691687127324
407,407,MOIANES,Mujer,80 o m√©s,708,0.04966678358470712
408,408,MOIANES,Hombre,0 a 9,1451,0.10178884601894073
409,409,MOIANES,Hombre,10 a 19,2625,0.18414591371448616
410,410,MOIANES,Hombre,20 a 29,1860,0.13048053314626448
411,411,MOIANES,Hombre,30 a 39,1830,0.1283760084180989
412,412,MOIANES,Hombre,40 a 49,2226,0.15615573482988426
413,413,MOIANES,Hombre,50 a 59,2288,0.16050508593475973
414,414,MOIANES,Hombre,60 a 69,1590,0.11153981059277447
415,415,MOIANES,Hombre,70 a 79,1281,0.08986320589266925
416,416,MOIANES,Hombre,80 o m√©s,682,0.0478428621536303
417,417,MOIANES,Residencia,Residencia,6024,0.42258856541564366
418,418,MONTSIA,Mujer,0 a 9,6587,0.09422383704297076
419,419,MONTSIA,Mujer,10 a 19,11504,0.16455913486296275
420,420,MONTSIA,Mujer,20 a 29,11320,0.16192710419408365
421,421,MONTSIA,Mujer,30 a 39,12309,0.1760742690393088
422,422,MONTSIA,Mujer,40 a 49,16360,0.2340218572981633
423,423,MONTSIA,Mujer,50 a 59,13441,0.19226697945871718
424,424,MONTSIA,Mujer,60 a 69,8026,0.11480803341534589
425,425,MONTSIA,Mujer,70 a 79,4913,0.07027807976197288
426,426,MONTSIA,Mujer,80 o m√©s,3247,0.046446758597013214
427,427,MONTSIA,Hombre,0 a 9,6951,0.09943068032270985
428,428,MONTSIA,Hombre,10 a 19,11271,0.16122618298334954
429,429,MONTSIA,Hombre,20 a 29,6740,0.09641242776220176
430,430,MONTSIA,Hombre,30 a 39,6513,0.09316530296961721
431,431,MONTSIA,Hombre,40 a 49,8812,0.12605138181610115
432,432,MONTSIA,Hombre,50 a 59,7610,0.10885735538135835
433,433,MONTSIA,Hombre,60 a 69,6053,0.08658522629741947
434,434,MONTSIA,Hombre,70 a 79,5580,0.07981919093665961
435,435,MONTSIA,Hombre,80 o m√©s,3354,0.04797734164902443
436,436,MONTSIA,Residencia,Residencia,12357,0.17676088573553814
437,437,NOGUERA,Mujer,0 a 9,3874,0.09984021442193701
438,438,NOGUERA,Mujer,10 a 19,7565,0.19496417710427297
439,439,NOGUERA,Mujer,20 a 29,7152,0.18432039585588372
440,440,NOGUERA,Mujer,30 a 39,9056,0.23339003144167828
441,441,NOGUERA,Mujer,40 a 49,10619,0.27367146023400857
442,442,NOGUERA,Mujer,50 a 59,9644,0.24854388949023246
443,443,NOGUERA,Mujer,60 a 69,6264,0.16143497757847533
444,444,NOGUERA,Mujer,70 a 79,2927,0.07543425596618732
445,445,NOGUERA,Mujer,80 o m√©s,1820,0.04690479872171537
446,446,NOGUERA,Hombre,0 a 9,4575,0.11790629349002629
447,447,NOGUERA,Hombre,10 a 19,7553,0.1946549146951188
448,448,NOGUERA,Hombre,20 a 29,4963,0.1279057780526777
449,449,NOGUERA,Hombre,30 a 39,4218,0.10870573681768982
450,450,NOGUERA,Hombre,40 a 49,5718,0.14736353796196072
451,451,NOGUERA,Hombre,50 a 59,4706,0.12128240812329262
452,452,NOGUERA,Hombre,60 a 69,3888,0.1002010205659502
453,453,NOGUERA,Hombre,70 a 79,3102,0.07994433276635225
454,454,NOGUERA,Hombre,80 o m√©s,1805,0.046518220710272666
455,455,NOGUERA,Residencia,Residencia,9259,0.2386217205298696
456,456,OSONA,Mujer,0 a 9,18494,0.1129977332021727
457,457,OSONA,Mujer,10 a 19,35193,0.21502807529923565
458,458,OSONA,Mujer,20 a 29,34351,0.2098834829256967
459,459,OSONA,Mujer,30 a 39,34406,0.21021953112111788
460,460,OSONA,Mujer,40 a 49,42752,0.26121331728448616
461,461,OSONA,Mujer,50 a 59,36188,0.22110749265276444
462,462,OSONA,Mujer,60 a 69,23596,0.14417078580288023
463,463,OSONA,Mujer,70 a 79,12077,0.07379007374730398
464,464,OSONA,Mujer,80 o m√©s,8054,0.049209675744041254
465,465,OSONA,Hombre,0 a 9,20612,0.12593864370948327
466,466,OSONA,Hombre,10 a 19,34144,0.20861871971747512
467,467,OSONA,Hombre,20 a 29,21198,0.12951908448251634
468,468,OSONA,Hombre,30 a 39,20259,0.12378182529159819
469,469,OSONA,Hombre,40 a 49,26367,0.16110150488491876
470,470,OSONA,Hombre,50 a 59,21185,0.12943965490905313
471,471,OSONA,Hombre,60 a 69,17357,0.10605070050773828
472,472,OSONA,Hombre,70 a 79,11713,0.07156604569033465
473,473,OSONA,Hombre,80 o m√©s,6587,0.04024635387707968
474,474,OSONA,Residencia,Residencia,22139,0.13526856360781342
475,475,PALLARS JUSSA,Mujer,0 a 9,1352,0.10291542970236736
476,476,PALLARS JUSSA,Mujer,10 a 19,2371,0.18048260637892974
477,477,PALLARS JUSSA,Mujer,20 a 29,2664,0.20278602420643982
478,478,PALLARS JUSSA,Mujer,30 a 39,3704,0.28195173936210705
479,479,PALLARS JUSSA,Mujer,40 a 49,5153,0.3922508944203395
480,480,PALLARS JUSSA,Mujer,50 a 59,4187,0.31871812438151786
481,481,PALLARS JUSSA,Mujer,60 a 69,3361,0.25584227753672834
482,482,PALLARS JUSSA,Mujer,70 a 79,1586,0.12072771561239248
483,483,PALLARS JUSSA,Mujer,80 o m√©s,1043,0.07939407779553932
484,484,PALLARS JUSSA,Hombre,0 a 9,1464,0.11144096825759306
485,485,PALLARS JUSSA,Hombre,10 a 19,2127,0.1619091116693309
486,486,PALLARS JUSSA,Hombre,20 a 29,1767,0.13450559488467687
487,487,PALLARS JUSSA,Hombre,30 a 39,1709,0.13009058384714928
488,488,PALLARS JUSSA,Hombre,40 a 49,2577,0.19616350765014842
489,489,PALLARS JUSSA,Hombre,50 a 59,2063,0.15703737535205908
490,490,PALLARS JUSSA,Hombre,60 a 69,2386,0.1816244195782903
491,491,PALLARS JUSSA,Hombre,70 a 79,1678,0.12773083656847073
492,492,PALLARS JUSSA,Hombre,80 o m√©s,897,0.06828042932176295
493,493,PALLARS JUSSA,Residencia,Residencia,5348,0.4070944660120271
494,494,PALLARS SOBIRA,Mujer,0 a 9,755,0.10500695410292073
495,495,PALLARS SOBIRA,Mujer,10 a 19,1139,0.1584144645340751
496,496,PALLARS SOBIRA,Mujer,20 a 29,1254,0.17440890125173852
497,497,PALLARS SOBIRA,Mujer,30 a 39,1694,0.2356050069541029
498,498,PALLARS SOBIRA,Mujer,40 a 49,1740,0.24200278164116829
499,499,PALLARS SOBIRA,Mujer,50 a 59,1627,0.2262865090403338
500,500,PALLARS SOBIRA,Mujer,60 a 69,1004,0.1396383866481224
501,501,PALLARS SOBIRA,Mujer,70 a 79,463,0.06439499304589708
502,502,PALLARS SOBIRA,Mujer,80 o m√©s,275,0.03824756606397774
503,503,PALLARS SOBIRA,Hombre,0 a 9,758,0.10542420027816411
504,504,PALLARS SOBIRA,Hombre,10 a 19,1178,0.16383866481223922
505,505,PALLARS SOBIRA,Hombre,20 a 29,880,0.12239221140472879
506,506,PALLARS SOBIRA,Hombre,30 a 39,1008,0.14019471488178026
507,507,PALLARS SOBIRA,Hombre,40 a 49,1256,0.17468706536856746
508,508,PALLARS SOBIRA,Hombre,50 a 59,1062,0.14770514603616133
509,509,PALLARS SOBIRA,Hombre,60 a 69,843,0.1172461752433936
510,510,PALLARS SOBIRA,Hombre,70 a 79,518,0.07204450625869263
511,511,PALLARS SOBIRA,Hombre,80 o m√©s,280,0.03894297635605007
512,512,PALLARS SOBIRA,Residencia,Residencia,1174,0.16328233657858135
513,513,PLA D'URGELL,Mujer,0 a 9,4350,0.11522873566263145
514,514,PLA D'URGELL,Mujer,10 a 19,7176,0.1900876797965617
515,515,PLA D'URGELL,Mujer,20 a 29,7202,0.19077640327408546
516,516,PLA D'URGELL,Mujer,30 a 39,8072,0.21382215040661173
517,517,PLA D'URGELL,Mujer,40 a 49,10565,0.2798601361553336
518,518,PLA D'URGELL,Mujer,50 a 59,9217,0.24415247278217794
519,519,PLA D'URGELL,Mujer,60 a 69,4915,0.13019522661651348
520,520,PLA D'URGELL,Mujer,70 a 79,2401,0.06360096421286854
521,521,PLA D'URGELL,Mujer,80 o m√©s,1683,0.04458160048740431
522,522,PLA D'URGELL,Hombre,0 a 9,4680,0.12397022595427935
523,523,PLA D'URGELL,Hombre,10 a 19,7123,0.188683743476994
524,524,PLA D'URGELL,Hombre,20 a 29,4715,0.12489735371248444
525,525,PLA D'URGELL,Hombre,30 a 39,4498,0.11914916161161294
526,526,PLA D'URGELL,Hombre,40 a 49,5585,0.14794310084501072
527,527,PLA D'URGELL,Hombre,50 a 59,4902,0.12985086487775158
528,528,PLA D'URGELL,Hombre,60 a 69,3778,0.10007681915710842
529,529,PLA D'URGELL,Hombre,70 a 79,2250,0.05960107017032661
530,530,PLA D'URGELL,Hombre,80 o m√©s,1395,0.0369526635056025
531,531,PLA D'URGELL,Residencia,Residencia,8494,0.225000662234113
532,532,PLA DE L'ESTANY,Mujer,0 a 9,3188,0.09736134864402639
533,533,PLA DE L'ESTANY,Mujer,10 a 19,6295,0.1922489616418275
534,534,PLA DE L'ESTANY,Mujer,20 a 29,7069,0.21588688003909112
535,535,PLA DE L'ESTANY,Mujer,30 a 39,8216,0.25091619838749085
536,536,PLA DE L'ESTANY,Mujer,40 a 49,9700,0.29623747862203764
537,537,PLA DE L'ESTANY,Mujer,50 a 59,8421,0.2571768873686782
538,538,PLA DE L'ESTANY,Mujer,60 a 69,5371,0.1640300513071097
539,539,PLA DE L'ESTANY,Mujer,70 a 79,2370,0.0723796726117762
540,540,PLA DE L'ESTANY,Mujer,80 o m√©s,1481,0.045229660395797705
541,541,PLA DE L'ESTANY,Hombre,0 a 9,3374,0.10304177864646959
542,542,PLA DE L'ESTANY,Hombre,10 a 19,6371,0.1945699975568043
543,543,PLA DE L'ESTANY,Hombre,20 a 29,4632,0.1414610310285854
544,544,PLA DE L'ESTANY,Hombre,30 a 39,4190,0.12796237478622038
545,545,PLA DE L'ESTANY,Hombre,40 a 49,5269,0.16091497678964084
546,546,PLA DE L'ESTANY,Hombre,50 a 59,4656,0.14219398973857805
547,547,PLA DE L'ESTANY,Hombre,60 a 69,3856,0.11776203273882238
548,548,PLA DE L'ESTANY,Hombre,70 a 79,2500,0.0763498656242365
549,549,PLA DE L'ESTANY,Hombre,80 o m√©s,1249,0.03814439286586856
550,550,PLA DE L'ESTANY,Residencia,Residencia,9884,0.30185682873198144
551,551,PRIORAT,Mujer,0 a 9,570,0.06172171088251218
552,552,PRIORAT,Mujer,10 a 19,981,0.10622631293990255
553,553,PRIORAT,Mujer,20 a 29,1301,0.1408770979967515
554,554,PRIORAT,Mujer,30 a 39,1704,0.18451543042772062
555,555,PRIORAT,Mujer,40 a 49,2039,0.22079047103410937
556,556,PRIORAT,Mujer,50 a 59,2044,0.22133188955062263
557,557,PRIORAT,Mujer,60 a 69,1261,0.13654574986464538
558,558,PRIORAT,Mujer,70 a 79,576,0.0623714131023281
559,559,PRIORAT,Mujer,80 o m√©s,403,0.04363833243096914
560,560,PRIORAT,Hombre,0 a 9,630,0.06821873308067136
561,561,PRIORAT,Hombre,10 a 19,1153,0.12485110990795885
562,562,PRIORAT,Hombre,20 a 29,923,0.09994585814834868
563,563,PRIORAT,Hombre,30 a 39,764,0.08272874932322685
564,564,PRIORAT,Hombre,40 a 49,1168,0.12647536545749866
565,565,PRIORAT,Hombre,50 a 59,1074,0.11629669734704927
566,566,PRIORAT,Hombre,60 a 69,760,0.08229561451001624
567,567,PRIORAT,Hombre,70 a 79,721,0.07807255008121278
568,568,PRIORAT,Hombre,80 o m√©s,411,0.04450460205739036
569,569,PRIORAT,Residencia,Residencia,3320,0.3595018949648078
570,570,RIBERA D'EBRE,Mujer,0 a 9,1527,0.07058007857638086
571,571,RIBERA D'EBRE,Mujer,10 a 19,2508,0.11592327247515599
572,572,RIBERA D'EBRE,Mujer,20 a 29,3833,0.1771666281488329
573,573,RIBERA D'EBRE,Mujer,30 a 39,3865,0.17864571296510284
574,574,RIBERA D'EBRE,Mujer,40 a 49,5589,0.25833140744164546
575,575,RIBERA D'EBRE,Mujer,50 a 59,5261,0.24317078807487866
576,576,RIBERA D'EBRE,Mujer,60 a 69,3612,0.1669516986364687
577,577,RIBERA D'EBRE,Mujer,70 a 79,1508,0.06970187196672059
578,578,RIBERA D'EBRE,Mujer,80 o m√©s,972,0.044927201294199214
579,579,RIBERA D'EBRE,Hombre,0 a 9,1774,0.08199676450196441
580,580,RIBERA D'EBRE,Hombre,10 a 19,2320,0.10723364917957014
581,581,RIBERA D'EBRE,Hombre,20 a 29,1896,0.08763577536399353
582,582,RIBERA D'EBRE,Hombre,30 a 39,1733,0.08010168708111856
583,583,RIBERA D'EBRE,Hombre,40 a 49,1996,0.09225791541483706
584,584,RIBERA D'EBRE,Hombre,50 a 59,2012,0.09299745782297203
585,585,RIBERA D'EBRE,Hombre,60 a 69,2078,0.09604807025652877
586,586,RIBERA D'EBRE,Hombre,70 a 79,1650,0.07626531083891842
587,587,RIBERA D'EBRE,Hombre,80 o m√©s,863,0.03988906863877976
588,588,RIBERA D'EBRE,Residencia,Residencia,3367,0.15562745551190202
589,589,RIPOLLES,Mujer,0 a 9,2299,0.09035173904499902
590,590,RIPOLLES,Mujer,10 a 19,4670,0.18353311063077227
591,591,RIPOLLES,Mujer,20 a 29,4442,0.17457260758498722
592,592,RIPOLLES,Mujer,30 a 39,5497,0.21603458439772058
593,593,RIPOLLES,Mujer,40 a 49,8434,0.33146001179013557
594,594,RIPOLLES,Mujer,50 a 59,7563,0.2972293181371586
595,595,RIPOLLES,Mujer,60 a 69,5540,0.21772450383179406
596,596,RIPOLLES,Mujer,70 a 79,2883,0.11330320298683434
597,597,RIPOLLES,Mujer,80 o m√©s,1919,0.07541756730202398
598,598,RIPOLLES,Hombre,0 a 9,2601,0.10222047553546866
599,599,RIPOLLES,Hombre,10 a 19,4667,0.18341520927490665
600,600,RIPOLLES,Hombre,20 a 29,2785,0.109451758695225
601,601,RIPOLLES,Hombre,30 a 39,2977,0.11699744547062291
602,602,RIPOLLES,Hombre,40 a 49,3904,0.15342896443309098
603,603,RIPOLLES,Hombre,50 a 59,3732,0.14666928669679702
604,604,RIPOLLES,Hombre,60 a 69,3720,0.14619768127333466
605,605,RIPOLLES,Hombre,70 a 79,2643,0.10387109451758696
606,606,RIPOLLES,Hombre,80 o m√©s,1555,0.06111220279033209
607,607,RIPOLLES,Residencia,Residencia,8047,0.31625073688347416
608,608,SEGARRA,Mujer,0 a 9,2622,0.11297341548537206
609,609,SEGARRA,Mujer,10 a 19,4393,0.18928002068163213
610,610,SEGARRA,Mujer,20 a 29,4780,0.20595458658279117
611,611,SEGARRA,Mujer,30 a 39,4856,0.20922917833599036
612,612,SEGARRA,Mujer,40 a 49,6759,0.2912232323667543
613,613,SEGARRA,Mujer,50 a 59,5289,0.22788573398250678
614,614,SEGARRA,Mujer,60 a 69,3005,0.12947563445215218
615,615,SEGARRA,Mujer,70 a 79,1687,0.07268731957430308
616,616,SEGARRA,Mujer,80 o m√©s,892,0.038433366366495754
617,617,SEGARRA,Hombre,0 a 9,2804,0.12081520099961222
618,618,SEGARRA,Hombre,10 a 19,4532,0.19526907665129906
619,619,SEGARRA,Hombre,20 a 29,3471,0.14955405230729457
620,620,SEGARRA,Hombre,30 a 39,2923,0.12594252229738465
621,621,SEGARRA,Hombre,40 a 49,3696,0.15924856736610798
622,622,SEGARRA,Hombre,50 a 59,3424,0.14752897582834246
623,623,SEGARRA,Hombre,60 a 69,2155,0.09285191089663493
624,624,SEGARRA,Hombre,70 a 79,1639,0.07061915636175621
625,625,SEGARRA,Hombre,80 o m√©s,893,0.038476453100090485
626,626,SEGARRA,Residencia,Residencia,3958,0.17053729156792624
627,627,SEGRIA,Mujer,0 a 9,22498,0.10756924489239729
628,628,SEGRIA,Mujer,10 a 19,38854,0.18577186599027487
629,629,SEGRIA,Mujer,20 a 29,46225,0.22101468331189725
630,630,SEGRIA,Mujer,30 a 39,48739,0.23303482206465248
631,631,SEGRIA,Mujer,40 a 49,62942,0.30094334660935507
632,632,SEGRIA,Mujer,50 a 59,57513,0.27498577569101457
633,633,SEGRIA,Mujer,60 a 69,33836,0.1617794012880769
634,634,SEGRIA,Mujer,70 a 79,14917,0.071322358701213
635,635,SEGRIA,Mujer,80 o m√©s,9103,0.04352399485534236
636,636,SEGRIA,Hombre,0 a 9,24449,0.11689752281866038
637,637,SEGRIA,Hombre,10 a 19,39519,0.18895141741055418
638,638,SEGRIA,Hombre,20 a 29,29397,0.14055529789767104
639,639,SEGRIA,Hombre,30 a 39,27397,0.13099273723517685
640,640,SEGRIA,Hombre,40 a 49,35709,0.17073473934850275
641,641,SEGRIA,Hombre,50 a 59,29979,0.14333800305045685
642,642,SEGRIA,Hombre,60 a 69,22113,0.10572845196486715
643,643,SEGRIA,Hombre,70 a 79,14305,0.06839621513848979
644,644,SEGRIA,Hombre,80 o m√©s,7496,0.03584047736302827
645,645,SEGRIA,Residencia,Residencia,54218,0.25923145699955535
646,646,SELVA,Mujer,0 a 9,17169,0.0987024783411039
647,647,SELVA,Mujer,10 a 19,29927,0.17204665789004697
648,648,SELVA,Mujer,20 a 29,27598,0.1586575221188063
649,649,SELVA,Mujer,30 a 39,29678,0.17061518738466314
650,650,SELVA,Mujer,40 a 49,37590,0.21610030641517244
651,651,SELVA,Mujer,50 a 59,32920,0.18925304834231116
652,652,SELVA,Mujer,60 a 69,20567,0.11823716419369118
653,653,SELVA,Mujer,70 a 79,12042,0.06922798323627312
654,654,SELVA,Mujer,80 o m√©s,7475,0.04297285954917302
655,655,SELVA,Hombre,0 a 9,18384,0.10568736454207316
656,656,SELVA,Hombre,10 a 19,29224,0.16800519698528862
657,657,SELVA,Hombre,20 a 29,17291,0.09940384139996665
658,658,SELVA,Hombre,30 a 39,17579,0.1010595181290853
659,659,SELVA,Hombre,40 a 49,22954,0.13195973486176824
660,660,SELVA,Hombre,50 a 59,20601,0.11843262602976769
661,661,SELVA,Hombre,60 a 69,16523,0.09498870345565029
662,662,SELVA,Hombre,70 a 79,12782,0.07348215260970295
663,663,SELVA,Hombre,80 o m√©s,6843,0.03933956894916268
664,664,SELVA,Residencia,Residencia,20618,0.11853035694780593
665,665,SOLSONES,Mujer,0 a 9,1341,0.0961841916511261
666,666,SOLSONES,Mujer,10 a 19,2527,0.18125089657151056
667,667,SOLSONES,Mujer,20 a 29,2420,0.17357624444125663
668,668,SOLSONES,Mujer,30 a 39,2457,0.17623009611246593
669,669,SOLSONES,Mujer,40 a 49,3252,0.23325204418304404
670,670,SOLSONES,Mujer,50 a 59,3272,0.23468655859991394
671,671,SOLSONES,Mujer,60 a 69,2021,0.14495768182470234
672,672,SOLSONES,Mujer,70 a 79,1048,0.07516855544398221
673,673,SOLSONES,Mujer,80 o m√©s,989,0.07093673791421604
674,674,SOLSONES,Hombre,0 a 9,1477,0.10593888968584134
675,675,SOLSONES,Hombre,10 a 19,2455,0.17608664467077895
676,676,SOLSONES,Hombre,20 a 29,1545,0.11081623870319897
677,677,SOLSONES,Hombre,30 a 39,1216,0.08721847654568929
678,678,SOLSONES,Hombre,40 a 49,1640,0.11763018218333095
679,679,SOLSONES,Hombre,50 a 59,1798,0.12896284607660308
680,680,SOLSONES,Hombre,60 a 69,1506,0.10801893559030268
681,681,SOLSONES,Hombre,70 a 79,1221,0.08757710514990676
682,682,SOLSONES,Hombre,80 o m√©s,842,0.06039305695022235
683,683,SOLSONES,Residencia,Residencia,2961,0.21237985941758714
684,684,TARRAGONES,Mujer,0 a 9,25000,0.0946632638378759
685,685,TARRAGONES,Mujer,10 a 19,40019,0.15153316622111823
686,686,TARRAGONES,Mujer,20 a 29,43031,0.16293819624830552
687,687,TARRAGONES,Mujer,30 a 39,48450,0.1834574053178035
688,688,TARRAGONES,Mujer,40 a 49,58688,0.22222390512469045
689,689,TARRAGONES,Mujer,50 a 59,48691,0.18436995918120064
690,690,TARRAGONES,Mujer,60 a 69,28301,0.10716260119502904
691,691,TARRAGONES,Mujer,70 a 79,16868,0.06387119737669163
692,692,TARRAGONES,Mujer,80 o m√©s,11077,0.041943398941286056
693,693,TARRAGONES,Hombre,0 a 9,28210,0.10681802691465918
694,694,TARRAGONES,Hombre,10 a 19,40678,0.15402848985588466
695,695,TARRAGONES,Hombre,20 a 29,26905,0.10187660454232206
696,696,TARRAGONES,Hombre,30 a 39,27669,0.10476951388520754
697,697,TARRAGONES,Hombre,40 a 49,34934,0.13227865835649427
698,698,TARRAGONES,Hombre,50 a 59,28210,0.10681802691465918
699,699,TARRAGONES,Hombre,60 a 69,21746,0.08234189341673798
700,700,TARRAGONES,Hombre,70 a 79,17358,0.065726597347914
701,701,TARRAGONES,Hombre,80 o m√©s,9627,0.036452929638689256
702,702,TARRAGONES,Residencia,Residencia,29609,0.11211538315902671
703,703,TERRA ALTA,Mujer,0 a 9,1021,0.09040198335399327
704,704,TERRA ALTA,Mujer,10 a 19,1693,0.14990260315211618
705,705,TERRA ALTA,Mujer,20 a 29,1697,0.15025677350805738
706,706,TERRA ALTA,Mujer,30 a 39,1826,0.1616787674871613
707,707,TERRA ALTA,Mujer,40 a 49,2484,0.21993979103949
708,708,TERRA ALTA,Mujer,50 a 59,2579,0.22835133699309368
709,709,TERRA ALTA,Mujer,60 a 69,1455,0.1288294669736143
710,710,TERRA ALTA,Mujer,70 a 79,1119,0.09907915707455286
711,711,TERRA ALTA,Mujer,80 o m√©s,721,0.06383920665840269
712,712,TERRA ALTA,Hombre,0 a 9,1081,0.09571453869311139
713,713,TERRA ALTA,Hombre,10 a 19,1660,0.1469806977156012
714,714,TERRA ALTA,Hombre,20 a 29,1000,0.08854258898530193
715,715,TERRA ALTA,Hombre,30 a 39,1132,0.10023021073136179
716,716,TERRA ALTA,Hombre,40 a 49,1047,0.09270409066761112
717,717,TERRA ALTA,Hombre,50 a 59,1144,0.10129272179918541
718,718,TERRA ALTA,Hombre,60 a 69,1212,0.10731361785018594
719,719,TERRA ALTA,Hombre,70 a 79,1127,0.09978749778643528
720,720,TERRA ALTA,Hombre,80 o m√©s,798,0.07065698601027094
721,721,TERRA ALTA,Residencia,Residencia,1375,0.12174605985479016
722,722,URGELL,Mujer,0 a 9,4347,0.1163357062570251
723,723,URGELL,Mujer,10 a 19,7263,0.19437456511266926
724,724,URGELL,Mujer,20 a 29,8283,0.22167210833377937
725,725,URGELL,Mujer,30 a 39,8496,0.22737247765348179
726,726,URGELL,Mujer,40 a 49,10781,0.2885243269282235
727,727,URGELL,Mujer,50 a 59,10900,0.2917090403040197
728,728,URGELL,Mujer,60 a 69,6151,0.16461489054220416
729,729,URGELL,Mujer,70 a 79,2785,0.07453299791254081
730,730,URGELL,Mujer,80 o m√©s,1557,0.0416688968581063
731,731,URGELL,Hombre,0 a 9,4482,0.11994861638923085
732,732,URGELL,Hombre,10 a 19,6865,0.18372317079698122
733,733,URGELL,Hombre,20 a 29,4913,0.13148316651501366
734,734,URGELL,Hombre,30 a 39,4882,0.1306535352994701
735,735,URGELL,Hombre,40 a 49,5874,0.15720173419686345
736,736,URGELL,Hombre,50 a 59,5165,0.1382272654284644
737,737,URGELL,Hombre,60 a 69,3671,0.09824439329872076
738,738,URGELL,Hombre,70 a 79,2784,0.07450623561526522
739,739,URGELL,Hombre,80 o m√©s,1479,0.03958143767060965
740,740,URGELL,Residencia,Residencia,10692,0.2861424824706953
741,741,VALL D'ARAN,Mujer,0 a 9,1232,0.1208554051402786
742,742,VALL D'ARAN,Mujer,10 a 19,2023,0.19845006866784384
743,743,VALL D'ARAN,Mujer,20 a 29,1204,0.11810869138709044
744,744,VALL D'ARAN,Mujer,30 a 39,2505,0.2457327839905827
745,745,VALL D'ARAN,Mujer,40 a 49,3394,0.33294094565430643
746,746,VALL D'ARAN,Mujer,50 a 59,2246,0.2203256817735923
747,747,VALL D'ARAN,Mujer,60 a 69,1550,0.15205022562291545
748,748,VALL D'ARAN,Mujer,70 a 79,638,0.06258583480478713
749,749,VALL D'ARAN,Mujer,80 o m√©s,357,0.03502060035314891
750,750,VALL D'ARAN,Hombre,0 a 9,1473,0.14449676280164803
751,751,VALL D'ARAN,Hombre,10 a 19,1817,0.17824210319795958
752,752,VALL D'ARAN,Hombre,20 a 29,862,0.08455954483029234
753,753,VALL D'ARAN,Hombre,30 a 39,1054,0.1033941534235825
754,754,VALL D'ARAN,Hombre,40 a 49,1675,0.1643123405925054
755,755,VALL D'ARAN,Hombre,50 a 59,1393,0.13664900922111045
756,756,VALL D'ARAN,Hombre,60 a 69,1273,0.1248773788503041
757,757,VALL D'ARAN,Hombre,70 a 79,708,0.06945261918775751
758,758,VALL D'ARAN,Hombre,80 o m√©s,315,0.030900529723366685
759,759,VALL D'ARAN,Residencia,Residencia,924,0.09064155385520895
760,760,VALLES OCCIDENTAL,Mujer,0 a 9,112514,0.11957248325927847
761,761,VALLES OCCIDENTAL,Mujer,10 a 19,209529,0.22267364812230797
762,762,VALLES OCCIDENTAL,Mujer,20 a 29,211892,0.2251848891940117
763,763,VALLES OCCIDENTAL,Mujer,30 a 39,216064,0.22961861655378657
764,764,VALLES OCCIDENTAL,Mujer,40 a 49,278542,0.2960161280552282
765,765,VALLES OCCIDENTAL,Mujer,50 a 59,238867,0.25385214603244105
766,766,VALLES OCCIDENTAL,Mujer,60 a 69,141779,0.15067340156795814
767,767,VALLES OCCIDENTAL,Mujer,70 a 79,81737,0.08686471073967368
768,768,VALLES OCCIDENTAL,Mujer,80 o m√©s,50740,0.05392313668144222
769,769,VALLES OCCIDENTAL,Hombre,0 a 9,124721,0.13254528045025926
770,770,VALLES OCCIDENTAL,Hombre,10 a 19,207349,0.22035688742137094
771,771,VALLES OCCIDENTAL,Hombre,20 a 29,141571,0.1504523528405293
772,772,VALLES OCCIDENTAL,Hombre,30 a 39,125458,0.1333285156046586
773,773,VALLES OCCIDENTAL,Hombre,40 a 49,169124,0.17973387008498687
774,774,VALLES OCCIDENTAL,Hombre,50 a 59,138400,0.14708242248150577
775,775,VALLES OCCIDENTAL,Hombre,60 a 69,102688,0.10913005635679815
776,776,VALLES OCCIDENTAL,Hombre,70 a 79,79463,0.08444805301768708
777,777,VALLES OCCIDENTAL,Hombre,80 o m√©s,44966,0.047786909026758584
778,778,VALLES OCCIDENTAL,Residencia,Residencia,161051,0.17115441635165451
779,779,VALLES ORIENTAL,Mujer,0 a 9,42019,0.10070099337351564
780,780,VALLES ORIENTAL,Mujer,10 a 19,87311,0.20924592285478053
781,781,VALLES ORIENTAL,Mujer,20 a 29,85076,0.20388961451355853
782,782,VALLES ORIENTAL,Mujer,30 a 39,87661,0.21008471834445736
783,783,VALLES ORIENTAL,Mujer,40 a 49,119492,0.2863695732927516
784,784,VALLES ORIENTAL,Mujer,50 a 59,104228,0.24978850370867434
785,785,VALLES ORIENTAL,Mujer,60 a 69,59951,0.14367608114747224
786,786,VALLES ORIENTAL,Mujer,70 a 79,34235,0.08204618168310307
787,787,VALLES ORIENTAL,Mujer,80 o m√©s,21493,0.0515092327417828
788,788,VALLES ORIENTAL,Hombre,0 a 9,45496,0.1090338274238194
789,789,VALLES ORIENTAL,Hombre,10 a 19,88103,0.21114399721999208
790,790,VALLES ORIENTAL,Hombre,20 a 29,56666,0.13580338633721975
791,791,VALLES ORIENTAL,Hombre,30 a 39,50765,0.12166129438126849
792,792,VALLES ORIENTAL,Hombre,40 a 49,70268,0.16840137562460308
793,793,VALLES ORIENTAL,Hombre,50 a 59,60862,0.1458593459791739
794,794,VALLES ORIENTAL,Hombre,60 a 69,44068,0.10561154182593795
795,795,VALLES ORIENTAL,Hombre,70 a 79,34793,0.08338346134950211
796,796,VALLES ORIENTAL,Hombre,80 o m√©s,18993,0.04551783638694834
797,797,VALLES ORIENTAL,Residencia,Residencia,76155,0.18250991576096726
