,index,Comarca,Género,Edad,Casos confirmados,Tasa (casos/población)
0,0,ALT CAMP,Mujer,0 a 9,604,0.013367859593209835
1,1,ALT CAMP,Mujer,10 a 19,998,0.022087953433813604
2,2,ALT CAMP,Mujer,20 a 29,989,0.021888763472987627
3,3,ALT CAMP,Mujer,30 a 39,1049,0.02321669654516079
4,4,ALT CAMP,Mujer,40 a 49,1292,0.0285948254874621
5,5,ALT CAMP,Mujer,50 a 59,885,0.019587012814554147
6,6,ALT CAMP,Mujer,60 a 69,536,0.011862868778080252
7,7,ALT CAMP,Mujer,70 a 79,417,0.009229134851603479
8,8,ALT CAMP,Mujer,80 o más,190,0.004205121395215014
9,9,ALT CAMP,Hombre,0 a 9,623,0.013788371732731336
10,10,ALT CAMP,Hombre,10 a 19,1056,0.02337162207024766
11,11,ALT CAMP,Hombre,20 a 29,893,0.019764070557510567
12,12,ALT CAMP,Hombre,30 a 39,836,0.018502534138946064
13,13,ALT CAMP,Hombre,40 a 49,1106,0.024478232963725297
14,14,ALT CAMP,Hombre,50 a 59,745,0.016488502312816768
15,15,ALT CAMP,Hombre,60 a 69,477,0.010557067923776642
16,16,ALT CAMP,Hombre,70 a 79,366,0.00810039174025629
17,17,ALT CAMP,Hombre,80 o más,175,0.003873138127171724
18,18,ALT CAMP,Residencia,Residencia,455,0.010070159130646482
19,19,ALT EMPORDA,Mujer,0 a 9,1975,0.01396430793596923
20,20,ALT EMPORDA,Mujer,10 a 19,3479,0.02459839357429719
21,21,ALT EMPORDA,Mujer,20 a 29,2853,0.020172238248769726
22,22,ALT EMPORDA,Mujer,30 a 39,3554,0.02512868374908083
23,23,ALT EMPORDA,Mujer,40 a 49,4156,0.02938514621867753
24,24,ALT EMPORDA,Mujer,50 a 59,2824,0.019967192714520052
25,25,ALT EMPORDA,Mujer,60 a 69,1782,0.012599694552859324
26,26,ALT EMPORDA,Mujer,70 a 79,1074,0.007593755302901748
27,27,ALT EMPORDA,Mujer,80 o más,629,0.004447366932518807
28,28,ALT EMPORDA,Hombre,0 a 9,2156,0.01524407489111375
29,29,ALT EMPORDA,Hombre,10 a 19,3311,0.023410543582781832
30,30,ALT EMPORDA,Hombre,20 a 29,2473,0.01748543469653261
31,31,ALT EMPORDA,Hombre,30 a 39,2578,0.018227840941229707
32,32,ALT EMPORDA,Hombre,40 a 49,3317,0.023452966796764525
33,33,ALT EMPORDA,Hombre,50 a 59,2421,0.01711776684201595
34,34,ALT EMPORDA,Hombre,60 a 69,1593,0.011263363312404549
35,35,ALT EMPORDA,Hombre,70 a 79,1027,0.007261440126703999
36,36,ALT EMPORDA,Hombre,80 o más,506,0.003577691045873635
37,37,ALT EMPORDA,Residencia,Residencia,889,0.006285706205102099
38,38,ALT PENEDES,Mujer,0 a 9,1635,0.014700461243829852
39,39,ALT PENEDES,Mujer,10 a 19,2955,0.026568723532426432
40,40,ALT PENEDES,Mujer,20 a 29,2417,0.021731507539043887
41,41,ALT PENEDES,Mujer,30 a 39,2579,0.023188067001735285
42,42,ALT PENEDES,Mujer,40 a 49,3719,0.03343792988734142
43,43,ALT PENEDES,Mujer,50 a 59,2516,0.022621627210688628
44,44,ALT PENEDES,Mujer,60 a 69,1476,0.013270875104521629
45,45,ALT PENEDES,Mujer,70 a 79,965,0.00867641902158765
46,46,ALT PENEDES,Mujer,80 o más,476,0.004279767310130281
47,47,ALT PENEDES,Hombre,0 a 9,1749,0.015725447532390465
48,48,ALT PENEDES,Hombre,10 a 19,3036,0.02729700326377213
49,49,ALT PENEDES,Hombre,20 a 29,2109,0.01896224633837135
50,50,ALT PENEDES,Hombre,30 a 39,2141,0.019249961787791873
51,51,ALT PENEDES,Hombre,40 a 49,3215,0.02890641155896818
52,52,ALT PENEDES,Hombre,50 a 59,2217,0.019933285980165617
53,53,ALT PENEDES,Hombre,60 a 69,1348,0.012120013306839535
54,54,ALT PENEDES,Hombre,70 a 79,914,0.008217872524073692
55,55,ALT PENEDES,Hombre,80 o más,401,0.00360543422555093
56,56,ALT PENEDES,Residencia,Residencia,1069,0.00961149423220435
57,57,ALT URGELL,Mujer,0 a 9,299,0.014774917230814845
58,58,ALT URGELL,Mujer,10 a 19,446,0.02203883974897465
59,59,ALT URGELL,Mujer,20 a 29,393,0.019419874487325198
60,60,ALT URGELL,Mujer,30 a 39,471,0.023274200721450807
61,61,ALT URGELL,Mujer,40 a 49,624,0.030834609873004893
62,62,ALT URGELL,Mujer,50 a 59,499,0.024657805010624104
63,63,ALT URGELL,Mujer,60 a 69,336,0.016603251470079558
64,64,ALT URGELL,Mujer,70 a 79,272,0.013440727380540593
65,65,ALT URGELL,Mujer,80 o más,178,0.008795770124030242
66,66,ALT URGELL,Hombre,0 a 9,331,0.016356179275584325
67,67,ALT URGELL,Hombre,10 a 19,469,0.023175371843652714
68,68,ALT URGELL,Hombre,20 a 29,349,0.017245639175767158
69,69,ALT URGELL,Hombre,30 a 39,401,0.019815189998517568
70,70,ALT URGELL,Hombre,40 a 49,472,0.023323615160349854
71,71,ALT URGELL,Hombre,50 a 59,392,0.01937046004842615
72,72,ALT URGELL,Hombre,60 a 69,312,0.015417304936502447
73,73,ALT URGELL,Hombre,70 a 79,211,0.010426446607698769
74,74,ALT URGELL,Hombre,80 o más,116,0.005732074912289371
75,75,ALT URGELL,Residencia,Residencia,206,0.010179374413203539
76,76,ALTA RIBAGORCA,Mujer,0 a 9,51,0.012772351615326822
77,77,ALTA RIBAGORCA,Mujer,10 a 19,80,0.020035061357375407
78,78,ALTA RIBAGORCA,Mujer,20 a 29,64,0.016028049085900324
79,79,ALTA RIBAGORCA,Mujer,30 a 39,92,0.02304032056098172
80,80,ALTA RIBAGORCA,Mujer,40 a 49,118,0.029551715502128727
81,81,ALTA RIBAGORCA,Mujer,50 a 59,77,0.01928374655647383
82,82,ALTA RIBAGORCA,Mujer,60 a 69,55,0.013774104683195593
83,83,ALTA RIBAGORCA,Mujer,70 a 79,23,0.00576008014024543
84,84,ALTA RIBAGORCA,Mujer,80 o más,18,0.004507888805409466
85,85,ALTA RIBAGORCA,Hombre,0 a 9,71,0.017781116954670672
86,86,ALTA RIBAGORCA,Hombre,10 a 19,75,0.018782870022539443
87,87,ALTA RIBAGORCA,Hombre,20 a 29,68,0.017029802153769095
88,88,ALTA RIBAGORCA,Hombre,30 a 39,80,0.020035061357375407
89,89,ALTA RIBAGORCA,Hombre,40 a 49,102,0.025544703230653644
90,90,ALTA RIBAGORCA,Hombre,50 a 59,57,0.014274981217129978
91,91,ALTA RIBAGORCA,Hombre,60 a 69,43,0.01076884547958928
92,92,ALTA RIBAGORCA,Hombre,70 a 79,21,0.005259203606311044
93,93,ALTA RIBAGORCA,Hombre,80 o más,17,0.004257450538442274
94,94,ALTA RIBAGORCA,Residencia,Residencia,41,0.010267968945654895
95,95,ANOIA,Mujer,0 a 9,1861,0.014829985098295468
96,96,ANOIA,Mujer,10 a 19,3304,0.02632900094829029
97,97,ANOIA,Mujer,20 a 29,2553,0.020344412657683143
98,98,ANOIA,Mujer,30 a 39,2892,0.023045844655706874
99,99,ANOIA,Mujer,40 a 49,3990,0.031795615551960726
100,100,ANOIA,Mujer,50 a 59,2481,0.019770657189076335
101,101,ANOIA,Mujer,60 a 69,1586,0.012638557961255568
102,102,ANOIA,Mujer,70 a 79,997,0.007944919475013747
103,103,ANOIA,Mujer,80 o más,547,0.004358947796221183
104,104,ANOIA,Hombre,0 a 9,1966,0.015666711823347067
105,105,ANOIA,Hombre,10 a 19,3378,0.026918694068802842
106,106,ANOIA,Hombre,20 a 29,2242,0.01786610778633984
107,107,ANOIA,Hombre,30 a 39,2446,0.0194917482807258
108,108,ANOIA,Hombre,40 a 49,3399,0.027086039413813164
109,109,ANOIA,Hombre,50 a 59,2340,0.01864705272972133
110,110,ANOIA,Hombre,60 a 69,1365,0.010877447425670777
111,111,ANOIA,Hombre,70 a 79,941,0.007498665221652894
112,112,ANOIA,Hombre,80 o más,492,0.003920662368813203
113,113,ANOIA,Residencia,Residencia,1013,0.008072420690259704
114,114,BAGES,Mujer,0 a 9,2951,0.01640392226619825
115,115,BAGES,Mujer,10 a 19,4577,0.025442477876106196
116,116,BAGES,Mujer,20 a 29,4146,0.023046649175078933
117,117,BAGES,Mujer,30 a 39,4813,0.026754346956019033
118,118,BAGES,Mujer,40 a 49,6324,0.03515364432783386
119,119,BAGES,Mujer,50 a 59,4440,0.024680926757682218
120,120,BAGES,Mujer,60 a 69,3114,0.01731000133410415
121,121,BAGES,Mujer,70 a 79,2016,0.011206474852136791
122,122,BAGES,Mujer,80 o más,1152,0.006403699915506737
123,123,BAGES,Hombre,0 a 9,3118,0.017332236403255215
124,124,BAGES,Hombre,10 a 19,4701,0.026131765019789213
125,125,BAGES,Hombre,20 a 29,3545,0.01970583003513141
126,126,BAGES,Hombre,30 a 39,3707,0.020606350335749545
127,127,BAGES,Hombre,40 a 49,5277,0.02933361497754258
128,128,BAGES,Hombre,50 a 59,3784,0.021034375416907548
129,129,BAGES,Hombre,60 a 69,2648,0.01471961577800507
130,130,BAGES,Hombre,70 a 79,1754,0.009750077822742028
131,131,BAGES,Hombre,80 o más,909,0.005052919464579535
132,132,BAGES,Residencia,Residencia,2164,0.012029172410726197
133,133,BAIX CAMP,Mujer,0 a 9,3100,0.015662419288016732
134,134,BAIX CAMP,Mujer,10 a 19,5421,0.027389024180754423
135,135,BAIX CAMP,Mujer,20 a 29,4557,0.0230237563533846
136,136,BAIX CAMP,Mujer,30 a 39,5120,0.025868253791821186
137,137,BAIX CAMP,Mujer,40 a 49,6563,0.03315885735072704
138,138,BAIX CAMP,Mujer,50 a 59,4387,0.022164849489203036
139,139,BAIX CAMP,Mujer,60 a 69,2811,0.014202277618908077
140,140,BAIX CAMP,Mujer,70 a 79,1799,0.009089255580368421
141,141,BAIX CAMP,Mujer,80 o más,915,0.004622939886624294
142,142,BAIX CAMP,Hombre,0 a 9,3465,0.017506542849347734
143,143,BAIX CAMP,Hombre,10 a 19,5192,0.02623202611076867
144,144,BAIX CAMP,Hombre,20 a 29,3878,0.01959318128997706
145,145,BAIX CAMP,Hombre,30 a 39,3949,0.019951901215605833
146,146,BAIX CAMP,Hombre,40 a 49,5281,0.026681689116134312
147,147,BAIX CAMP,Hombre,50 a 59,3587,0.018122934834230976
148,148,BAIX CAMP,Hombre,60 a 69,2372,0.011984276951992159
149,149,BAIX CAMP,Hombre,70 a 79,1643,0.00830108222264887
150,150,BAIX CAMP,Hombre,80 o más,726,0.0036680375493871446
151,151,BAIX CAMP,Residencia,Residencia,2053,0.01037256348332205
152,152,BAIX EBRE,Mujer,0 a 9,1104,0.013905332896692445
153,153,BAIX EBRE,Mujer,10 a 19,1657,0.020870594755271178
154,154,BAIX EBRE,Mujer,20 a 29,1493,0.01880494747713933
155,155,BAIX EBRE,Mujer,30 a 39,1756,0.022117540368289796
156,156,BAIX EBRE,Mujer,40 a 49,2234,0.028138146459430184
157,157,BAIX EBRE,Mujer,50 a 59,1559,0.019636244552485076
158,158,BAIX EBRE,Mujer,60 a 69,1065,0.013414111897624505
159,159,BAIX EBRE,Mujer,70 a 79,756,0.009522130135778522
160,160,BAIX EBRE,Mujer,80 o más,405,0.0051011411441670654
161,161,BAIX EBRE,Hombre,0 a 9,1167,0.014698843741340655
162,162,BAIX EBRE,Hombre,10 a 19,1799,0.02265914300828778
163,163,BAIX EBRE,Hombre,20 a 29,1366,0.0172053303776104
164,164,BAIX EBRE,Hombre,30 a 39,1435,0.018074413683653676
165,165,BAIX EBRE,Hombre,40 a 49,1825,0.022986623674333073
166,166,BAIX EBRE,Hombre,50 a 59,1379,0.017369070710633046
167,167,BAIX EBRE,Hombre,60 a 69,853,0.010743884928332116
168,168,BAIX EBRE,Hombre,70 a 79,687,0.008653046829735245
169,169,BAIX EBRE,Hombre,80 o más,372,0.004685492606494194
170,170,BAIX EBRE,Residencia,Residencia,495,0.00623472806509308
171,171,BAIX EMPORDA,Mujer,0 a 9,1729,0.01264637687519657
172,172,BAIX EMPORDA,Mujer,10 a 19,3050,0.022308530635829694
173,173,BAIX EMPORDA,Mujer,20 a 29,2689,0.019668078321228213
174,174,BAIX EMPORDA,Mujer,30 a 39,3093,0.022623044346433197
175,175,BAIX EMPORDA,Mujer,40 a 49,3955,0.02892794710318244
176,176,BAIX EMPORDA,Mujer,50 a 59,2803,0.02050190536794447
177,177,BAIX EMPORDA,Mujer,60 a 69,1880,0.013750831998478631
178,178,BAIX EMPORDA,Mujer,70 a 79,1185,0.008667412722445308
179,179,BAIX EMPORDA,Mujer,80 o más,604,0.004417820493128241
180,180,BAIX EMPORDA,Hombre,0 a 9,1760,0.012873119317724677
181,181,BAIX EMPORDA,Hombre,10 a 19,3061,0.022388987631565473
182,182,BAIX EMPORDA,Hombre,20 a 29,2393,0.01750305370870179
183,183,BAIX EMPORDA,Hombre,30 a 39,2306,0.01686671201515517
184,184,BAIX EMPORDA,Hombre,40 a 49,3116,0.02279127261024437
185,185,BAIX EMPORDA,Hombre,50 a 59,2345,0.017151968636400207
186,186,BAIX EMPORDA,Hombre,60 a 69,1622,0.011863749734857628
187,187,BAIX EMPORDA,Hombre,70 a 79,1081,0.007906728399125214
188,188,BAIX EMPORDA,Hombre,80 o más,532,0.003891192884675868
189,189,BAIX EMPORDA,Residencia,Residencia,937,0.006853473182220467
190,190,BAIX LLOBREGAT,Mujer,0 a 9,12128,0.014631633427394984
191,191,BAIX LLOBREGAT,Mujer,10 a 19,20801,0.025095036850531254
192,192,BAIX LLOBREGAT,Mujer,20 a 29,18406,0.022205627050184043
193,193,BAIX LLOBREGAT,Mujer,30 a 39,20842,0.025144500650871225
194,194,BAIX LLOBREGAT,Mujer,40 a 49,28241,0.03407090696100443
195,195,BAIX LLOBREGAT,Mujer,50 a 59,19316,0.02330348213090052
196,196,BAIX LLOBREGAT,Mujer,60 a 69,10411,0.012560185983889279
197,197,BAIX LLOBREGAT,Mujer,70 a 79,7573,0.00913632585303943
198,198,BAIX LLOBREGAT,Mujer,80 o más,3664,0.004420374742577112
199,199,BAIX LLOBREGAT,Hombre,0 a 9,12868,0.015524394701823766
200,200,BAIX LLOBREGAT,Hombre,10 a 19,20825,0.02512399127024246
201,201,BAIX LLOBREGAT,Hombre,20 a 29,16545,0.019960453088411115
202,202,BAIX LLOBREGAT,Hombre,30 a 39,16835,0.020310318993254826
203,203,BAIX LLOBREGAT,Hombre,40 a 49,23549,0.028410317907464087
204,204,BAIX LLOBREGAT,Hombre,50 a 59,16635,0.020069032162328127
205,205,BAIX LLOBREGAT,Hombre,60 a 69,8933,0.010777076303340977
206,206,BAIX LLOBREGAT,Hombre,70 a 79,6390,0.007709114248108009
207,207,BAIX LLOBREGAT,Hombre,80 o más,3359,0.004052412325413897
208,208,BAIX LLOBREGAT,Residencia,Residencia,7814,0.009427076484306102
209,209,BAIX PENEDES,Mujer,0 a 9,1378,0.012290951255407394
210,210,BAIX PENEDES,Mujer,10 a 19,2332,0.02080007135530482
211,211,BAIX PENEDES,Mujer,20 a 29,2044,0.01823128038175088
212,212,BAIX PENEDES,Mujer,30 a 39,2426,0.0216384961869509
213,213,BAIX PENEDES,Mujer,40 a 49,3264,0.029112964366944653
214,214,BAIX PENEDES,Mujer,50 a 59,2058,0.01835615216518753
215,215,BAIX PENEDES,Mujer,60 a 69,1254,0.011184944030682781
216,216,BAIX PENEDES,Mujer,70 a 79,975,0.008696427775052402
217,217,BAIX PENEDES,Mujer,80 o más,433,0.003862105873433528
218,218,BAIX PENEDES,Hombre,0 a 9,1490,0.013289925522900594
219,219,BAIX PENEDES,Hombre,10 a 19,2333,0.020808990768407438
220,220,BAIX PENEDES,Hombre,20 a 29,1789,0.01595683004058333
221,221,BAIX PENEDES,Hombre,30 a 39,1789,0.01595683004058333
222,222,BAIX PENEDES,Hombre,40 a 49,2673,0.023841591223297508
223,223,BAIX PENEDES,Hombre,50 a 59,1785,0.01592115238817286
224,224,BAIX PENEDES,Hombre,60 a 69,1116,0.009954065022521517
225,225,BAIX PENEDES,Hombre,70 a 79,866,0.007724211746867056
226,226,BAIX PENEDES,Hombre,80 o más,437,0.0038977835258439996
227,227,BAIX PENEDES,Residencia,Residencia,568,0.005066226642286937
228,228,BARCELONES,Mujer,0 a 9,28629,0.012622704201307199
229,229,BARCELONES,Mujer,10 a 19,43752,0.01929052898164772
230,230,BARCELONES,Mujer,20 a 29,56602,0.024956173921631564
231,231,BARCELONES,Mujer,30 a 39,69547,0.0306637049526114
232,232,BARCELONES,Mujer,40 a 49,70796,0.03121439682265341
233,233,BARCELONES,Mujer,50 a 59,50758,0.022379517966046692
234,234,BARCELONES,Mujer,60 a 69,33886,0.014940548205158955
235,235,BARCELONES,Mujer,70 a 79,24812,0.010939765155710442
236,236,BARCELONES,Mujer,80 o más,14706,0.006483966886179178
237,237,BARCELONES,Hombre,0 a 9,30230,0.013328595061144874
238,238,BARCELONES,Hombre,10 a 19,44362,0.019559481776464074
239,239,BARCELONES,Hombre,20 a 29,47118,0.02077461932156878
240,240,BARCELONES,Hombre,30 a 39,57078,0.025166045282832523
241,241,BARCELONES,Hombre,40 a 49,59570,0.02626478358559048
242,242,BARCELONES,Hombre,50 a 59,41493,0.01829452182838519
243,243,BARCELONES,Hombre,60 a 69,26537,0.011700328386953408
244,244,BARCELONES,Hombre,70 a 79,20018,0.008826060732186506
245,245,BARCELONES,Hombre,80 o más,12327,0.005435050986395398
246,246,BARCELONES,Residencia,Residencia,17425,0.0076827909011064986
247,247,BERGUEDA,Mujer,0 a 9,598,0.014848657909765849
248,248,BERGUEDA,Mujer,10 a 19,826,0.020510019119509348
249,249,BERGUEDA,Mujer,20 a 29,792,0.01966578104437216
250,250,BERGUEDA,Mujer,30 a 39,1003,0.024905023216547067
251,251,BERGUEDA,Mujer,40 a 49,1205,0.029920790604126835
252,252,BERGUEDA,Mujer,50 a 59,917,0.022769597497082412
253,253,BERGUEDA,Mujer,60 a 69,709,0.017604846919772554
254,254,BERGUEDA,Mujer,70 a 79,400,0.009932212648672807
255,255,BERGUEDA,Mujer,80 o más,254,0.006306955031907233
256,256,BERGUEDA,Hombre,0 a 9,655,0.016263998212201723
257,257,BERGUEDA,Hombre,10 a 19,947,0.02351451344573287
258,258,BERGUEDA,Hombre,20 a 29,741,0.018399423931666378
259,259,BERGUEDA,Hombre,30 a 39,827,0.020534849651131032
260,260,BERGUEDA,Hombre,40 a 49,1006,0.024979514811412112
261,261,BERGUEDA,Hombre,50 a 59,806,0.02001340848707571
262,262,BERGUEDA,Hombre,60 a 69,614,0.015245946415712761
263,263,BERGUEDA,Hombre,70 a 79,421,0.01045365381272813
264,264,BERGUEDA,Hombre,80 o más,190,0.004717801008119584
265,265,BERGUEDA,Residencia,Residencia,812,0.0201623916768058
266,266,CERDANYA,Mujer,0 a 9,236,0.012205844323765192
267,267,CERDANYA,Mujer,10 a 19,419,0.021670545642617015
268,268,CERDANYA,Mujer,20 a 29,354,0.01830876648564779
269,269,CERDANYA,Mujer,30 a 39,445,0.023015257305404706
270,270,CERDANYA,Mujer,40 a 49,603,0.031186966640806828
271,271,CERDANYA,Mujer,50 a 59,386,0.01996379622446341
272,272,CERDANYA,Mujer,60 a 69,229,0.011843806568399276
273,273,CERDANYA,Mujer,70 a 79,117,0.006051202482544608
274,274,CERDANYA,Mujer,80 o más,78,0.004034134988363072
275,275,CERDANYA,Hombre,0 a 9,256,0.013240237910524954
276,276,CERDANYA,Hombre,10 a 19,405,0.02094647013188518
277,277,CERDANYA,Hombre,20 a 29,379,0.01960175846909749
278,278,CERDANYA,Hombre,30 a 39,332,0.01717093354021205
279,279,CERDANYA,Hombre,40 a 49,504,0.026066718386346003
280,280,CERDANYA,Hombre,50 a 59,357,0.018463925523661752
281,281,CERDANYA,Hombre,60 a 69,228,0.011792086889061288
282,282,CERDANYA,Hombre,70 a 79,121,0.006258081199896561
283,283,CERDANYA,Hombre,80 o más,52,0.0026894233255753816
284,284,CERDANYA,Residencia,Residencia,157,0.008119989656064133
285,285,CONCA DE BARBERA,Mujer,0 a 9,321,0.016037971521358982
286,286,CONCA DE BARBERA,Mujer,10 a 19,502,0.025081189108168873
287,287,CONCA DE BARBERA,Mujer,20 a 29,439,0.021933549837621785
288,288,CONCA DE BARBERA,Mujer,30 a 39,525,0.02623032725455908
289,289,CONCA DE BARBERA,Mujer,40 a 49,655,0.03272545590806895
290,290,CONCA DE BARBERA,Mujer,50 a 59,479,0.023932050961778667
291,291,CONCA DE BARBERA,Mujer,60 a 69,348,0.017386959780164878
292,292,CONCA DE BARBERA,Mujer,70 a 79,209,0.01044216837371971
293,293,CONCA DE BARBERA,Mujer,80 o más,116,0.005795653260054959
294,294,CONCA DE BARBERA,Hombre,0 a 9,358,0.017886585061204097
295,295,CONCA DE BARBERA,Hombre,10 a 19,492,0.024581563827129654
296,296,CONCA DE BARBERA,Hombre,20 a 29,465,0.023232575568323758
297,297,CONCA DE BARBERA,Hombre,30 a 39,425,0.021234074444166876
298,298,CONCA DE BARBERA,Hombre,40 a 49,596,0.029777666749937547
299,299,CONCA DE BARBERA,Hombre,50 a 59,414,0.020684486635023733
300,300,CONCA DE BARBERA,Hombre,60 a 69,298,0.014888833374968774
301,301,CONCA DE BARBERA,Hombre,70 a 79,200,0.009992505620784412
302,302,CONCA DE BARBERA,Hombre,80 o más,85,0.004246814888833375
303,303,CONCA DE BARBERA,Residencia,Residencia,267,0.01333999500374719
304,304,GARRAF,Mujer,0 a 9,2093,0.013560969288583646
305,305,GARRAF,Mujer,10 a 19,3515,0.02277439419463522
306,306,GARRAF,Mujer,20 a 29,3070,0.01989114941039264
307,307,GARRAF,Mujer,30 a 39,3665,0.023746274458986652
308,308,GARRAF,Mujer,40 a 49,5235,0.033918621225864976
309,309,GARRAF,Mujer,50 a 59,3533,0.022891019826357394
310,310,GARRAF,Mujer,60 a 69,1968,0.012751069068290787
311,311,GARRAF,Mujer,70 a 79,1123,0.007276143579111054
312,312,GARRAF,Mujer,80 o más,552,0.003576519372813269
313,313,GARRAF,Hombre,0 a 9,2167,0.01404043021899702
314,314,GARRAF,Hombre,10 a 19,3575,0.023163146300375793
315,315,GARRAF,Hombre,20 a 29,2727,0.017668783205909033
316,316,GARRAF,Hombre,30 a 39,2754,0.01784372165349229
317,317,GARRAF,Hombre,40 a 49,4129,0.02675262407671375
318,318,GARRAF,Hombre,50 a 59,3080,0.01995594142801607
319,319,GARRAF,Hombre,60 a 69,1766,0.011442270312297526
320,320,GARRAF,Hombre,70 a 79,1098,0.007114163535052481
321,321,GARRAF,Hombre,80 o más,466,0.0030193080212517816
322,322,GARRAF,Residencia,Residencia,1364,0.008837631203835688
323,323,GARRIGUES,Mujer,0 a 9,301,0.015832106038291605
324,324,GARRIGUES,Mujer,10 a 19,451,0.023721859877971808
325,325,GARRIGUES,Mujer,20 a 29,378,0.019882179675994108
326,326,GARRIGUES,Mujer,30 a 39,451,0.023721859877971808
327,327,GARRIGUES,Mujer,40 a 49,554,0.029139490847885547
328,328,GARRIGUES,Mujer,50 a 59,419,0.022038712392173365
329,329,GARRIGUES,Mujer,60 a 69,327,0.01719966337050284
330,330,GARRIGUES,Mujer,70 a 79,291,0.015306122448979591
331,331,GARRIGUES,Mujer,80 o más,157,0.008257942352198611
332,332,GARRIGUES,Hombre,0 a 9,268,0.01409636019356196
333,333,GARRIGUES,Hombre,10 a 19,463,0.024353040185146224
334,334,GARRIGUES,Hombre,20 a 29,387,0.020355564906374923
335,335,GARRIGUES,Hombre,30 a 39,469,0.02466863033873343
336,336,GARRIGUES,Hombre,40 a 49,526,0.027666736797811908
337,337,GARRIGUES,Hombre,50 a 59,366,0.01925099936881969
338,338,GARRIGUES,Hombre,60 a 69,311,0.016358089627603618
339,339,GARRIGUES,Hombre,70 a 79,233,0.012255417630969915
340,340,GARRIGUES,Hombre,80 o más,145,0.007626762045024195
341,341,GARRIGUES,Residencia,Residencia,285,0.014990532295392383
342,342,GARROTXA,Mujer,0 a 9,924,0.015736766809728183
343,343,GARROTXA,Mujer,10 a 19,1510,0.02571701069555147
344,344,GARROTXA,Mujer,20 a 29,1335,0.022736562436133253
345,345,GARROTXA,Mujer,30 a 39,1633,0.0278118400435997
346,346,GARROTXA,Mujer,40 a 49,2069,0.0352374139927788
347,347,GARROTXA,Mujer,50 a 59,1447,0.02464404932216091
348,348,GARROTXA,Mujer,60 a 69,943,0.016060358335036447
349,349,GARROTXA,Mujer,70 a 79,570,0.009707745759247904
350,350,GARROTXA,Mujer,80 o más,342,0.005824647455548743
351,351,GARROTXA,Hombre,0 a 9,951,0.016196607398324136
352,352,GARROTXA,Hombre,10 a 19,1460,0.024865454050003406
353,353,GARROTXA,Hombre,20 a 29,1254,0.02135704067034539
354,354,GARROTXA,Hombre,30 a 39,1413,0.02406499080318823
355,355,GARROTXA,Hombre,40 a 49,1741,0.029651202397983512
356,356,GARROTXA,Hombre,50 a 59,1277,0.0217487567272975
357,357,GARROTXA,Hombre,60 a 69,915,0.015583486613529532
358,358,GARROTXA,Hombre,70 a 79,545,0.009281967436473875
359,359,GARROTXA,Hombre,80 o más,279,0.004751686082158185
360,360,GARROTXA,Residencia,Residencia,691,0.011768512841474215
361,361,GIRONES,Mujer,0 a 9,3250,0.016866732057689415
362,362,GIRONES,Mujer,10 a 19,5354,0.027785994903652037
363,363,GIRONES,Mujer,20 a 29,5165,0.02680512956245102
364,364,GIRONES,Mujer,30 a 39,5985,0.031060735804698814
365,365,GIRONES,Mujer,40 a 49,7066,0.036670870375271815
366,366,GIRONES,Mujer,50 a 59,4468,0.0231878642565404
367,367,GIRONES,Mujer,60 a 69,2747,0.014256280911530098
368,368,GIRONES,Mujer,70 a 79,1646,0.00854235106675593
369,369,GIRONES,Mujer,80 o más,775,0.004022066875295167
370,370,GIRONES,Hombre,0 a 9,3600,0.01868314935620981
371,371,GIRONES,Hombre,10 a 19,5513,0.028611167333551304
372,372,GIRONES,Hombre,20 a 29,4337,0.022508005210522763
373,373,GIRONES,Hombre,30 a 39,4600,0.023872913066268094
374,374,GIRONES,Hombre,40 a 49,5687,0.029514186219101443
375,375,GIRONES,Hombre,50 a 59,3833,0.01989236430065339
376,376,GIRONES,Hombre,60 a 69,2345,0.01216999590008667
377,377,GIRONES,Hombre,70 a 79,1410,0.007317566831182176
378,378,GIRONES,Hombre,80 o más,684,0.0035497983776798642
379,379,GIRONES,Residencia,Residencia,1703,0.008838167598229252
380,380,MARESME,Mujer,0 a 9,6864,0.015000557275947752
381,381,MARESME,Mujer,10 a 19,11674,0.02551231142765356
382,382,MARESME,Mujer,20 a 29,9487,0.020732850652231398
383,383,MARESME,Mujer,30 a 39,10742,0.023475522473518466
384,384,MARESME,Mujer,40 a 49,14985,0.03274815716492964
385,385,MARESME,Mujer,50 a 59,10528,0.023007847756581865
386,386,MARESME,Mujer,60 a 69,6117,0.013368066558416724
387,387,MARESME,Mujer,70 a 79,3971,0.008678207013809516
388,388,MARESME,Mujer,80 o más,2060,0.004501915499483154
389,389,MARESME,Hombre,0 a 9,7107,0.015531608473216881
390,390,MARESME,Hombre,10 a 19,11784,0.02575270497374247
391,391,MARESME,Hombre,20 a 29,8445,0.018455668152007394
392,392,MARESME,Hombre,30 a 39,8302,0.018143156542091816
393,393,MARESME,Hombre,40 a 49,12226,0.026718649949845165
394,394,MARESME,Hombre,50 a 59,8776,0.01917903418614765
395,395,MARESME,Hombre,60 a 69,5300,0.011582598129738211
396,396,MARESME,Hombre,70 a 79,3701,0.008088150127954928
397,397,MARESME,Hombre,80 o más,1792,0.003916229405375637
398,398,MARESME,Residencia,Residencia,5579,0.012192323578454619
399,399,MOIANES,Mujer,0 a 9,221,0.015503332164152929
400,400,MOIANES,Mujer,10 a 19,400,0.02806032970887408
401,401,MOIANES,Mujer,20 a 29,303,0.021255699754472116
402,402,MOIANES,Mujer,30 a 39,328,0.023009470361276745
403,403,MOIANES,Mujer,40 a 49,492,0.034514205541915116
404,404,MOIANES,Mujer,50 a 59,338,0.0237109786039986
405,405,MOIANES,Mujer,60 a 69,201,0.014100315678709225
406,406,MOIANES,Mujer,70 a 79,100,0.00701508242721852
407,407,MOIANES,Mujer,80 o más,57,0.003998596983514556
408,408,MOIANES,Hombre,0 a 9,234,0.016415292879691335
409,409,MOIANES,Hombre,10 a 19,430,0.030164854437039635
410,410,MOIANES,Hombre,20 a 29,297,0.020834794808839003
411,411,MOIANES,Hombre,30 a 39,261,0.018309365135040338
412,412,MOIANES,Hombre,40 a 49,417,0.02925289372150123
413,413,MOIANES,Hombre,50 a 59,273,0.01915117502630656
414,414,MOIANES,Hombre,60 a 69,189,0.013258505787443002
415,415,MOIANES,Hombre,70 a 79,113,0.007927043142756928
416,416,MOIANES,Hombre,80 o más,48,0.0033672395650648896
417,417,MOIANES,Residencia,Residencia,352,0.02469309014380919
418,418,MONTSIA,Mujer,0 a 9,877,0.01254505922069005
419,419,MONTSIA,Mujer,10 a 19,1524,0.021800080105281228
420,420,MONTSIA,Mujer,20 a 29,1266,0.018109515363048577
421,421,MONTSIA,Mujer,30 a 39,1457,0.02084167763346112
422,422,MONTSIA,Mujer,40 a 49,1903,0.027221491102591977
423,423,MONTSIA,Mujer,50 a 59,1378,0.01971162098758368
424,424,MONTSIA,Mujer,60 a 69,898,0.012845454025290382
425,425,MONTSIA,Mujer,70 a 79,605,0.008654231275390513
426,426,MONTSIA,Mujer,80 o más,336,0.00480631687360531
427,427,MONTSIA,Hombre,0 a 9,949,0.013574984265034045
428,428,MONTSIA,Hombre,10 a 19,1539,0.022014647822852892
429,429,MONTSIA,Hombre,20 a 29,1131,0.016178405904903586
430,430,MONTSIA,Hombre,30 a 39,1154,0.016507409738513473
431,431,MONTSIA,Hombre,40 a 49,1574,0.022515305830520114
432,432,MONTSIA,Hombre,50 a 59,1135,0.016235623962922698
433,433,MONTSIA,Hombre,60 a 69,761,0.010885735538135835
434,434,MONTSIA,Hombre,70 a 79,577,0.008253704869256737
435,435,MONTSIA,Hombre,80 o más,305,0.004362876923957201
436,436,MONTSIA,Residencia,Residencia,626,0.008954626079990846
437,437,NOGUERA,Mujer,0 a 9,605,0.015591979794855935
438,438,NOGUERA,Mujer,10 a 19,1034,0.026648110922117416
439,439,NOGUERA,Mujer,20 a 29,790,0.020359775269316014
440,440,NOGUERA,Mujer,30 a 39,913,0.02352971496314623
441,441,NOGUERA,Mujer,40 a 49,1183,0.030488119169114994
442,442,NOGUERA,Mujer,50 a 59,885,0.02280810267511984
443,443,NOGUERA,Mujer,60 a 69,636,0.016390907685170868
444,444,NOGUERA,Mujer,70 a 79,432,0.011133446729550023
445,445,NOGUERA,Mujer,80 o más,231,0.00595330137621772
446,446,NOGUERA,Hombre,0 a 9,615,0.015849698469151074
447,447,NOGUERA,Hombre,10 a 19,1002,0.02582341116437297
448,448,NOGUERA,Hombre,20 a 29,813,0.020952528220194836
449,449,NOGUERA,Hombre,30 a 39,766,0.01974125045100768
450,450,NOGUERA,Hombre,40 a 49,1082,0.027885160558734086
451,451,NOGUERA,Hombre,50 a 59,769,0.01981856605329622
452,452,NOGUERA,Hombre,60 a 69,597,0.015385804855419823
453,453,NOGUERA,Hombre,70 a 79,408,0.010514921911241688
454,454,NOGUERA,Hombre,80 o más,251,0.006468738724808
455,455,NOGUERA,Residencia,Residencia,548,0.01412298335137364
456,456,OSONA,Mujer,0 a 9,2606,0.015922574495774958
457,457,OSONA,Mujer,10 a 19,4378,0.02674943635552677
458,458,OSONA,Mujer,20 a 29,3674,0.02244801945413553
459,459,OSONA,Mujer,30 a 39,4254,0.025991800424031722
460,460,OSONA,Mujer,40 a 49,5505,0.03363536937806644
461,461,OSONA,Mujer,50 a 59,3896,0.023804432170199247
462,462,OSONA,Mujer,60 a 69,2705,0.016527461247533102
463,463,OSONA,Mujer,70 a 79,1611,0.009843157142246145
464,464,OSONA,Mujer,80 o más,899,0.005492860503339097
465,465,OSONA,Hombre,0 a 9,2810,0.0171690078024281
466,466,OSONA,Hombre,10 a 19,4386,0.02679831609304258
467,467,OSONA,Hombre,20 a 29,3367,0.02057225952696634
468,468,OSONA,Hombre,30 a 39,3481,0.021268795786566628
469,469,OSONA,Hombre,40 a 49,4737,0.028942914576548726
470,470,OSONA,Hombre,50 a 59,3389,0.020706678805134816
471,471,OSONA,Hombre,60 a 69,2431,0.014853330237616624
472,472,OSONA,Hombre,70 a 79,1444,0.008822792621603622
473,473,OSONA,Hombre,80 o más,708,0.004325856770149144
474,474,OSONA,Residencia,Residencia,1647,0.01006311596106729
475,475,PALLARS JUSSA,Mujer,0 a 9,184,0.014006241912156504
476,476,PALLARS JUSSA,Mujer,10 a 19,303,0.02306462662708381
477,477,PALLARS JUSSA,Mujer,20 a 29,226,0.017203318870366142
478,478,PALLARS JUSSA,Mujer,30 a 39,278,0.0211616046281495
479,479,PALLARS JUSSA,Mujer,40 a 49,353,0.026870670624952426
480,480,PALLARS JUSSA,Mujer,50 a 59,272,0.02070487934840527
481,481,PALLARS JUSSA,Mujer,60 a 69,204,0.01552865951130395
482,482,PALLARS JUSSA,Mujer,70 a 79,138,0.010504681434117378
483,483,PALLARS JUSSA,Mujer,80 o más,73,0.0055568242368881785
484,484,PALLARS JUSSA,Hombre,0 a 9,204,0.01552865951130395
485,485,PALLARS JUSSA,Hombre,10 a 19,266,0.020248154068661033
486,486,PALLARS JUSSA,Hombre,20 a 29,227,0.017279439750323512
487,487,PALLARS JUSSA,Hombre,30 a 39,230,0.017507802390195632
488,488,PALLARS JUSSA,Hombre,40 a 49,277,0.02108548374819213
489,489,PALLARS JUSSA,Hombre,50 a 59,211,0.016061505671005557
490,490,PALLARS JUSSA,Hombre,60 a 69,198,0.015071934231559716
491,491,PALLARS JUSSA,Hombre,70 a 79,131,0.009971835274415771
492,492,PALLARS JUSSA,Hombre,80 o más,67,0.005100098957143945
493,493,PALLARS JUSSA,Residencia,Residencia,330,0.02511989038593286
494,494,PALLARS SOBIRA,Mujer,0 a 9,98,0.013630041724617525
495,495,PALLARS SOBIRA,Mujer,10 a 19,157,0.021835883171070932
496,496,PALLARS SOBIRA,Mujer,20 a 29,144,0.020027816411682893
497,497,PALLARS SOBIRA,Mujer,30 a 39,198,0.02753824756606398
498,498,PALLARS SOBIRA,Mujer,40 a 49,196,0.02726008344923505
499,499,PALLARS SOBIRA,Mujer,50 a 59,146,0.020305980528511822
500,500,PALLARS SOBIRA,Mujer,60 a 69,86,0.01196105702364395
501,501,PALLARS SOBIRA,Mujer,70 a 79,62,0.008623087621696801
502,502,PALLARS SOBIRA,Mujer,80 o más,31,0.004311543810848401
503,503,PALLARS SOBIRA,Hombre,0 a 9,118,0.016411682892906815
504,504,PALLARS SOBIRA,Hombre,10 a 19,164,0.022809457579972183
505,505,PALLARS SOBIRA,Hombre,20 a 29,106,0.01474269819193324
506,506,PALLARS SOBIRA,Hombre,30 a 39,145,0.020166898470097356
507,507,PALLARS SOBIRA,Hombre,40 a 49,169,0.023504867872044505
508,508,PALLARS SOBIRA,Hombre,50 a 59,135,0.018776077885952713
509,509,PALLARS SOBIRA,Hombre,60 a 69,91,0.012656467315716272
510,510,PALLARS SOBIRA,Hombre,70 a 79,51,0.007093184979137691
511,511,PALLARS SOBIRA,Hombre,80 o más,24,0.003337969401947149
512,512,PALLARS SOBIRA,Residencia,Residencia,75,0.01043115438108484
513,513,PLA D'URGELL,Mujer,0 a 9,697,0.018463087070541177
514,514,PLA D'URGELL,Mujer,10 a 19,959,0.02540330057481921
515,515,PLA D'URGELL,Mujer,20 a 29,835,0.02211861937432121
516,516,PLA D'URGELL,Mujer,30 a 39,954,0.025270853752218485
517,517,PLA D'URGELL,Mujer,40 a 49,1229,0.0325554289952584
518,518,PLA D'URGELL,Mujer,50 a 59,864,0.02288681094540542
519,519,PLA D'URGELL,Mujer,60 a 69,522,0.013827448279515774
520,520,PLA D'URGELL,Mujer,70 a 79,392,0.010383830891896904
521,521,PLA D'URGELL,Mujer,80 o más,239,0.006330958120314693
522,522,PLA D'URGELL,Hombre,0 a 9,662,0.017535959312336098
523,523,PLA D'URGELL,Hombre,10 a 19,960,0.025429789939339354
524,524,PLA D'URGELL,Hombre,20 a 29,763,0.02021138512887076
525,525,PLA D'URGELL,Hombre,30 a 39,807,0.021376917167757147
526,526,PLA D'URGELL,Hombre,40 a 49,1118,0.02961510953352229
527,527,PLA D'URGELL,Hombre,50 a 59,877,0.023231172684167307
528,528,PLA D'URGELL,Hombre,60 a 69,527,0.013959895102116501
529,529,PLA D'URGELL,Hombre,70 a 79,338,0.008953405207809064
530,530,PLA D'URGELL,Hombre,80 o más,200,0.0052978729040290325
531,531,PLA D'URGELL,Residencia,Residencia,424,0.01123149055654155
532,532,PLA DE L'ESTANY,Mujer,0 a 9,512,0.015636452479843636
533,533,PLA DE L'ESTANY,Mujer,10 a 19,838,0.025592474957244076
534,534,PLA DE L'ESTANY,Mujer,20 a 29,767,0.02342413877351576
535,535,PLA DE L'ESTANY,Mujer,30 a 39,924,0.028218910334717812
536,536,PLA DE L'ESTANY,Mujer,40 a 49,1143,0.03490715856340093
537,537,PLA DE L'ESTANY,Mujer,50 a 59,778,0.0237600781822624
538,538,PLA DE L'ESTANY,Mujer,60 a 69,478,0.01459809430735402
539,539,PLA DE L'ESTANY,Mujer,70 a 79,271,0.008276325433667237
540,540,PLA DE L'ESTANY,Mujer,80 o más,142,0.0043366723674566334
541,541,PLA DE L'ESTANY,Hombre,0 a 9,579,0.017682628878573175
542,542,PLA DE L'ESTANY,Hombre,10 a 19,866,0.026447593452235525
543,543,PLA DE L'ESTANY,Hombre,20 a 29,701,0.021408502321035916
544,544,PLA DE L'ESTANY,Hombre,30 a 39,713,0.02177498167603225
545,545,PLA DE L'ESTANY,Hombre,40 a 49,995,0.030387246518446126
546,546,PLA DE L'ESTANY,Hombre,50 a 59,634,0.019362325922306377
547,547,PLA DE L'ESTANY,Hombre,60 a 69,426,0.0130100171023699
548,548,PLA DE L'ESTANY,Hombre,70 a 79,262,0.008001465917419985
549,549,PLA DE L'ESTANY,Hombre,80 o más,128,0.003909113119960909
550,550,PLA DE L'ESTANY,Residencia,Residencia,740,0.022599560224774003
551,551,PRIORAT,Mujer,0 a 9,111,0.012019491066594478
552,552,PRIORAT,Mujer,10 a 19,173,0.01873308067135896
553,553,PRIORAT,Mujer,20 a 29,141,0.015268002165674066
554,554,PRIORAT,Mujer,30 a 39,189,0.020465619924201407
555,555,PRIORAT,Mujer,40 a 49,214,0.02317271250676773
556,556,PRIORAT,Mujer,50 a 59,161,0.017433676231727126
557,557,PRIORAT,Mujer,60 a 69,122,0.01321061180292366
558,558,PRIORAT,Mujer,70 a 79,88,0.00952896589063346
559,559,PRIORAT,Mujer,80 o más,48,0.0051976177585273415
560,560,PRIORAT,Hombre,0 a 9,106,0.011478072550081212
561,561,PRIORAT,Hombre,10 a 19,200,0.02165674066053059
562,562,PRIORAT,Hombre,20 a 29,167,0.018083378451543043
563,563,PRIORAT,Hombre,30 a 39,154,0.016675690308608555
564,564,PRIORAT,Hombre,40 a 49,200,0.02165674066053059
565,565,PRIORAT,Hombre,50 a 59,158,0.017108825121819167
566,566,PRIORAT,Hombre,60 a 69,117,0.012669193286410396
567,567,PRIORAT,Hombre,70 a 79,90,0.009745533297238766
568,568,PRIORAT,Hombre,80 o más,60,0.006497022198159177
569,569,PRIORAT,Residencia,Residencia,238,0.025771521386031403
570,570,RIBERA D'EBRE,Mujer,0 a 9,215,0.009937601109313613
571,571,RIBERA D'EBRE,Mujer,10 a 19,358,0.016547261382019875
572,572,RIBERA D'EBRE,Mujer,20 a 29,361,0.01668592558354518
573,573,RIBERA D'EBRE,Mujer,30 a 39,371,0.017148139588629534
574,574,RIBERA D'EBRE,Mujer,40 a 49,457,0.02112318003235498
575,575,RIBERA D'EBRE,Mujer,50 a 59,346,0.01599260457591865
576,576,RIBERA D'EBRE,Mujer,60 a 69,312,0.014421076958631847
577,577,RIBERA D'EBRE,Mujer,70 a 79,181,0.008366073492026808
578,578,RIBERA D'EBRE,Mujer,80 o más,95,0.004391033048301364
579,579,RIBERA D'EBRE,Hombre,0 a 9,253,0.011694014328634157
580,580,RIBERA D'EBRE,Hombre,10 a 19,370,0.0171019181881211
581,581,RIBERA D'EBRE,Hombre,20 a 29,339,0.0156690547723596
582,582,RIBERA D'EBRE,Hombre,30 a 39,318,0.01469840536168246
583,583,RIBERA D'EBRE,Hombre,40 a 49,389,0.017980124797781372
584,584,RIBERA D'EBRE,Hombre,50 a 59,267,0.012341113935752253
585,585,RIBERA D'EBRE,Hombre,60 a 69,277,0.012803327940836608
586,586,RIBERA D'EBRE,Hombre,70 a 79,168,0.007765195285417148
587,587,RIBERA D'EBRE,Hombre,80 o más,106,0.004899468453894153
588,588,RIBERA D'EBRE,Residencia,Residencia,204,0.009429165703720823
589,589,RIPOLLES,Mujer,0 a 9,327,0.012851247789349577
590,590,RIPOLLES,Mujer,10 a 19,570,0.022401257614462565
591,591,RIPOLLES,Mujer,20 a 29,529,0.02078993908429947
592,592,RIPOLLES,Mujer,30 a 39,596,0.0234230693652977
593,593,RIPOLLES,Mujer,40 a 49,843,0.03313028099823148
594,594,RIPOLLES,Mujer,50 a 59,620,0.02436628021222244
595,595,RIPOLLES,Mujer,60 a 69,496,0.019493024169777953
596,596,RIPOLLES,Mujer,70 a 79,332,0.013047750049125565
597,597,RIPOLLES,Mujer,80 o más,216,0.008488897622322657
598,598,RIPOLLES,Hombre,0 a 9,356,0.013990960896050305
599,599,RIPOLLES,Hombre,10 a 19,557,0.021890351739044998
600,600,RIPOLLES,Hombre,20 a 29,443,0.017410100216152486
601,601,RIPOLLES,Hombre,30 a 39,499,0.019610925525643544
602,602,RIPOLLES,Hombre,40 a 49,645,0.025348791511102378
603,603,RIPOLLES,Hombre,50 a 59,550,0.021615248575358615
604,604,RIPOLLES,Hombre,60 a 69,453,0.01780310473570446
605,605,RIPOLLES,Hombre,70 a 79,330,0.01296914914521517
606,606,RIPOLLES,Hombre,80 o más,183,0.007191982707801139
607,607,RIPOLLES,Residencia,Residencia,396,0.015562978974258204
608,608,SEGARRA,Mujer,0 a 9,365,0.015726657762075057
609,609,SEGARRA,Mujer,10 a 19,530,0.022835968805204877
610,610,SEGARRA,Mujer,20 a 29,542,0.023353009608341593
611,611,SEGARRA,Mujer,30 a 39,623,0.026843035029514413
612,612,SEGARRA,Mujer,40 a 49,756,0.032573570597613
613,613,SEGARRA,Mujer,50 a 59,558,0.02404239734585721
614,614,SEGARRA,Mujer,60 a 69,338,0.01456331595501745
615,615,SEGARRA,Mujer,70 a 79,210,0.0090482140548925
616,616,SEGARRA,Mujer,80 o más,109,0.004696453961825154
617,617,SEGARRA,Hombre,0 a 9,374,0.016114438364427594
618,618,SEGARRA,Hombre,10 a 19,565,0.024344004481020295
619,619,SEGARRA,Hombre,20 a 29,540,0.023266836141152138
620,620,SEGARRA,Hombre,30 a 39,511,0.02201732086690508
621,621,SEGARRA,Hombre,40 a 49,679,0.029255892110819078
622,622,SEGARRA,Hombre,50 a 59,582,0.025076478952130637
623,623,SEGARRA,Hombre,60 a 69,311,0.013399974147959843
624,624,SEGARRA,Hombre,70 a 79,220,0.00947908139083976
625,625,SEGARRA,Hombre,80 o más,108,0.004653367228230428
626,626,SEGARRA,Residencia,Residencia,275,0.011848851738549701
627,627,SEGRIA,Mujer,0 a 9,3222,0.015405285227278161
628,628,SEGRIA,Mujer,10 a 19,5135,0.024551874500953867
629,629,SEGRIA,Mujer,20 a 29,4906,0.02345696130509828
630,630,SEGRIA,Mujer,30 a 39,5734,0.027415861419370878
631,631,SEGRIA,Mujer,40 a 49,7177,0.034315248937360446
632,632,SEGRIA,Mujer,50 a 59,5348,0.025570287211509498
633,633,SEGRIA,Mujer,60 a 69,3425,0.01637588513452132
634,634,SEGRIA,Mujer,70 a 79,2106,0.010069376377606395
635,635,SEGRIA,Mujer,80 o más,1079,0.0051590014774156225
636,636,SEGRIA,Hombre,0 a 9,3490,0.016686668356052384
637,637,SEGRIA,Hombre,10 a 19,5230,0.02500609613242234
638,638,SEGRIA,Hombre,20 a 29,4412,0.021095008821462213
639,639,SEGRIA,Hombre,30 a 39,4610,0.022041702327049138
640,640,SEGRIA,Hombre,40 a 49,6078,0.029060621853319882
641,641,SEGRIA,Hombre,50 a 59,4576,0.021879138795786734
642,642,SEGRIA,Hombre,60 a 69,2949,0.014099995696847702
643,643,SEGRIA,Hombre,70 a 79,1813,0.008668461240550995
644,644,SEGRIA,Hombre,80 o más,944,0.004513528632697264
645,645,SEGRIA,Residencia,Residencia,2739,0.01309592682728581
646,646,SELVA,Mujer,0 a 9,2392,0.013751315055735368
647,647,SELVA,Mujer,10 a 19,4144,0.023823348491207093
648,648,SELVA,Mujer,20 a 29,3589,0.020632721461134713
649,649,SELVA,Mujer,30 a 39,4290,0.024662684610829735
650,650,SELVA,Mujer,40 a 49,5350,0.030756494794391395
651,651,SELVA,Mujer,50 a 59,3688,0.021201860336769247
652,652,SELVA,Mujer,60 a 69,2237,0.012860239038327767
653,653,SELVA,Mujer,70 a 79,1521,0.008744042725657816
654,654,SELVA,Mujer,80 o más,786,0.004518617739886288
655,655,SELVA,Hombre,0 a 9,2503,0.014389440461749843
656,656,SELVA,Hombre,10 a 19,4087,0.02349566247190236
657,657,SELVA,Hombre,20 a 29,3203,0.018413654733913203
658,658,SELVA,Hombre,30 a 39,3447,0.019816380851638716
659,659,SELVA,Hombre,40 a 49,4499,0.025864200014947082
660,660,SELVA,Hombre,50 a 59,3262,0.018752838508281258
661,661,SELVA,Hombre,60 a 69,2012,0.01156674159370383
662,662,SELVA,Hombre,70 a 79,1367,0.007858715585781877
663,663,SELVA,Hombre,80 o más,630,0.0036217928449470242
664,664,SELVA,Residencia,Residencia,1142,0.006565218141157939
665,665,SOLSONES,Mujer,0 a 9,255,0.018290058815091093
666,666,SOLSONES,Mujer,10 a 19,392,0.028116482570649835
667,667,SOLSONES,Mujer,20 a 29,298,0.021374264811361354
668,668,SOLSONES,Mujer,30 a 39,367,0.026323339549562473
669,669,SOLSONES,Mujer,40 a 49,496,0.03557595753837326
670,670,SOLSONES,Mujer,50 a 59,347,0.024888825132692582
671,671,SOLSONES,Mujer,60 a 69,196,0.014058241285324917
672,672,SOLSONES,Mujer,70 a 79,97,0.0069573949218189645
673,673,SOLSONES,Mujer,80 o más,61,0.0043752689714531634
674,674,SOLSONES,Hombre,0 a 9,276,0.019796298952804475
675,675,SOLSONES,Hombre,10 a 19,392,0.028116482570649835
676,676,SOLSONES,Hombre,20 a 29,333,0.02388466504088366
677,677,SOLSONES,Hombre,30 a 39,270,0.01936594462774351
678,678,SOLSONES,Hombre,40 a 49,378,0.027112322478840913
679,679,SOLSONES,Hombre,50 a 59,305,0.021876344857265816
680,680,SOLSONES,Hombre,60 a 69,182,0.013054081193515995
681,681,SOLSONES,Hombre,70 a 79,119,0.008535360780375843
682,682,SOLSONES,Hombre,80 o más,59,0.004231817529766174
683,683,SOLSONES,Residencia,Residencia,147,0.010543680963993688
684,684,TARRAGONES,Mujer,0 a 9,3820,0.014464546714427439
685,685,TARRAGONES,Mujer,10 a 19,6209,0.02351056820677486
686,686,TARRAGONES,Mujer,20 a 29,5581,0.02113262701916742
687,687,TARRAGONES,Mujer,30 a 39,6654,0.025195574303089052
688,688,TARRAGONES,Mujer,40 a 49,8099,0.03066711095291828
689,689,TARRAGONES,Mujer,50 a 59,5201,0.019693745408831703
690,690,TARRAGONES,Mujer,60 a 69,3252,0.012313797360030899
691,691,TARRAGONES,Mujer,70 a 79,2127,0.008053950487326482
692,692,TARRAGONES,Mujer,80 o más,1110,0.004203048914401691
693,693,TARRAGONES,Hombre,0 a 9,3968,0.015024953236347664
694,694,TARRAGONES,Hombre,10 a 19,6329,0.023964951873196666
695,695,TARRAGONES,Hombre,20 a 29,4929,0.018663809098275613
696,696,TARRAGONES,Hombre,30 a 39,5214,0.0197429703060274
697,697,TARRAGONES,Hombre,40 a 49,6776,0.025657531030617887
698,698,TARRAGONES,Hombre,50 a 59,4394,0.01663801525214507
699,699,TARRAGONES,Hombre,60 a 69,2675,0.010128969230652722
700,700,TARRAGONES,Hombre,70 a 79,1858,0.007035373768430937
701,701,TARRAGONES,Hombre,80 o más,927,0.0035101138231084386
702,702,TARRAGONES,Residencia,Residencia,1518,0.0057479533802358256
703,703,TERRA ALTA,Mujer,0 a 9,144,0.012750132813883479
704,704,TERRA ALTA,Mujer,10 a 19,229,0.02027625287763414
705,705,TERRA ALTA,Mujer,20 a 29,180,0.015937666017354347
706,706,TERRA ALTA,Mujer,30 a 39,206,0.0182397733309722
707,707,TERRA ALTA,Mujer,40 a 49,250,0.022135647246325482
708,708,TERRA ALTA,Mujer,50 a 59,203,0.017974145564016292
709,709,TERRA ALTA,Mujer,60 a 69,156,0.013812643881707101
710,710,TERRA ALTA,Mujer,70 a 79,128,0.011333451390118647
711,711,TERRA ALTA,Mujer,80 o más,85,0.007526120063750664
712,712,TERRA ALTA,Hombre,0 a 9,156,0.013812643881707101
713,713,TERRA ALTA,Hombre,10 a 19,251,0.022224189835310784
714,714,TERRA ALTA,Hombre,20 a 29,185,0.016380378962280857
715,715,TERRA ALTA,Hombre,30 a 39,179,0.015849123428369045
716,716,TERRA ALTA,Hombre,40 a 49,198,0.017531432619089782
717,717,TERRA ALTA,Hombre,50 a 59,194,0.017177262263148575
718,718,TERRA ALTA,Hombre,60 a 69,157,0.013901186470692403
719,719,TERRA ALTA,Hombre,70 a 79,119,0.01053656808925093
720,720,TERRA ALTA,Hombre,80 o más,75,0.0066406941738976445
721,721,TERRA ALTA,Residencia,Residencia,113,0.010005312555339117
722,722,URGELL,Mujer,0 a 9,662,0.017716640796445967
723,723,URGELL,Mujer,10 a 19,960,0.02569180538457421
724,724,URGELL,Mujer,20 a 29,820,0.021945083765990473
725,725,URGELL,Mujer,30 a 39,949,0.025397420114542633
726,726,URGELL,Mujer,40 a 49,1182,0.031633035379757
727,727,URGELL,Mujer,50 a 59,896,0.02397901835893593
728,728,URGELL,Mujer,60 a 69,612,0.01637852593266606
729,729,URGELL,Mujer,70 a 79,400,0.010704918910239255
730,730,URGELL,Mujer,80 o más,206,0.005513033238773216
731,731,URGELL,Hombre,0 a 9,648,0.017341968634587594
732,732,URGELL,Hombre,10 a 19,938,0.02510303484451105
733,733,URGELL,Hombre,20 a 29,770,0.020606968902210566
734,734,URGELL,Hombre,30 a 39,844,0.02258737890060483
735,735,URGELL,Hombre,40 a 49,1084,0.02901033024674838
736,736,URGELL,Hombre,50 a 59,796,0.021302788631376118
737,737,URGELL,Hombre,60 a 69,521,0.01394315688058663
738,738,URGELL,Hombre,70 a 79,373,0.009982336883798106
739,739,URGELL,Hombre,80 o más,193,0.0051651233741904405
740,740,URGELL,Residencia,Residencia,607,0.01624471444628807
741,741,VALL D'ARAN,Mujer,0 a 9,204,0.020011771630370805
742,742,VALL D'ARAN,Mujer,10 a 19,216,0.02118893466745144
743,743,VALL D'ARAN,Mujer,20 a 29,178,0.017461251716696095
744,744,VALL D'ARAN,Mujer,30 a 39,276,0.02707474985285462
745,745,VALL D'ARAN,Mujer,40 a 49,380,0.03727682950755346
746,746,VALL D'ARAN,Mujer,50 a 59,213,0.020894643908181285
747,747,VALL D'ARAN,Mujer,60 a 69,147,0.014420247204237787
748,748,VALL D'ARAN,Mujer,70 a 79,72,0.007062978222483814
749,749,VALL D'ARAN,Mujer,80 o más,48,0.004708652148322542
750,750,VALL D'ARAN,Hombre,0 a 9,194,0.01903080243280361
751,751,VALL D'ARAN,Hombre,10 a 19,209,0.020502256229154404
752,752,VALL D'ARAN,Hombre,20 a 29,144,0.014125956444967627
753,753,VALL D'ARAN,Hombre,30 a 39,232,0.022758485383558957
754,754,VALL D'ARAN,Hombre,40 a 49,302,0.029625269766529332
755,755,VALL D'ARAN,Hombre,50 a 59,195,0.01912889935256033
756,756,VALL D'ARAN,Hombre,60 a 69,151,0.014812634883264666
757,757,VALL D'ARAN,Hombre,70 a 79,71,0.006964881302727094
758,758,VALL D'ARAN,Hombre,80 o más,21,0.0020600353148911123
759,759,VALL D'ARAN,Residencia,Residencia,38,0.0037276829507553464
760,760,VALLES OCCIDENTAL,Mujer,0 a 9,15430,0.016397989731861518
761,761,VALLES OCCIDENTAL,Mujer,10 a 19,25929,0.02755563679568615
762,762,VALLES OCCIDENTAL,Mujer,20 a 29,22525,0.02393808935257166
763,763,VALLES OCCIDENTAL,Mujer,30 a 39,25386,0.026978572088984864
764,764,VALLES OCCIDENTAL,Mujer,40 a 49,34573,0.03674191179518135
765,765,VALLES OCCIDENTAL,Mujer,50 a 59,23120,0.024570416241130155
766,766,VALLES OCCIDENTAL,Mujer,60 a 69,13451,0.014294838618487963
767,767,VALLES OCCIDENTAL,Mujer,70 a 79,8581,0.009119322740706655
768,768,VALLES OCCIDENTAL,Mujer,80 o más,4288,0.004557004534687115
769,769,VALLES OCCIDENTAL,Hombre,0 a 9,16475,0.017508547040338204
770,770,VALLES OCCIDENTAL,Hombre,10 a 19,25900,0.027524817501958086
771,771,VALLES OCCIDENTAL,Hombre,20 a 29,19997,0.02125149712689791
772,772,VALLES OCCIDENTAL,Hombre,30 a 39,19978,0.021231305175834696
773,773,VALLES OCCIDENTAL,Hombre,40 a 49,28586,0.030379321741736444
774,774,VALLES OCCIDENTAL,Hombre,50 a 59,19928,0.021178168462510454
775,775,VALLES OCCIDENTAL,Hombre,60 a 69,11441,0.012158742742853378
776,776,VALLES OCCIDENTAL,Hombre,70 a 79,7527,0.007999200823831603
777,777,VALLES OCCIDENTAL,Hombre,80 o más,3756,0.0039916299049171655
778,778,VALLES OCCIDENTAL,Residencia,Residencia,6612,0.007026798969997949
779,779,VALLES ORIENTAL,Mujer,0 a 9,6310,0.01512228439960217
780,780,VALLES ORIENTAL,Mujer,10 a 19,11245,0.02694930080404539
781,781,VALLES ORIENTAL,Mujer,20 a 29,9390,0.022503684708758222
782,782,VALLES ORIENTAL,Mujer,30 a 39,10369,0.024849915521311397
783,783,VALLES ORIENTAL,Mujer,40 a 49,14695,0.03521742777371694
784,784,VALLES ORIENTAL,Mujer,50 a 59,9780,0.0234383425401124
785,785,VALLES ORIENTAL,Mujer,60 a 69,5657,0.013557331671719412
786,786,VALLES ORIENTAL,Mujer,70 a 79,3494,0.008373575545516638
787,787,VALLES ORIENTAL,Mujer,80 o más,1741,0.0041724084215067165
788,788,VALLES ORIENTAL,Hombre,0 a 9,6594,0.015802907025511365
789,789,VALLES ORIENTAL,Hombre,10 a 19,11392,0.027301594909709657
790,790,VALLES ORIENTAL,Hombre,20 a 29,8668,0.02077336944148203
791,791,VALLES ORIENTAL,Hombre,30 a 39,8325,0.019951349861598744
792,792,VALLES ORIENTAL,Hombre,40 a 49,12245,0.029345859345979174
793,793,VALLES ORIENTAL,Hombre,50 a 59,8770,0.02101781841275928
794,794,VALLES ORIENTAL,Hombre,60 a 69,4865,0.011659257306507855
795,795,VALLES ORIENTAL,Hombre,70 a 79,3260,0.007812780846704132
796,796,VALLES ORIENTAL,Hombre,80 o más,1601,0.003836890225635987
797,797,VALLES ORIENTAL,Residencia,Residencia,3492,0.00836878242843277
